﻿{
	"data": [
		{
			"source_id": "S0000474",
			"title": "『여성농업인실태조사』 품질개선 컨설팅 최종결과보고서",
			"publisher_company": "통계청",
			"category_main": "경제",
			"category_middle": "통계",
			"isbn": null,
			"collection_name": "사업보고서",
			"contents_type": "공개",
			"issue_date": "2022",
			"corpus": "『여성농업인실태조사』품질개선 컨설팅 최종결과보고서\nFinal Report on Quality Improvement Consulting for 『Survey on the Korean Women Farmers』\n한국조사연구학회\n2022.8. \n최종결과보고서 요약문\n여성농업인실태조사는 여성농어업인육성법 제8조, 통계법 제18조에 의한 승인통계(제114036호)에 조사 근거를 두고 있다. 2018년 여성농업인실태조사를 검토한 결과‘표본 규모 확대’, ‘표본설계 개선’, ‘유사통계 비교’, ‘조사표 설계’ 등이 필요한 것으로파악되었다. \n이에 본 연구에서는 2018년 여성농업인실태조사의 표본설계 및 조사결과를 바탕으로 새로운 표본설계 방안을 연구하여 통계 신뢰성 제고를 위한 적정 표본크기를제시하는 한편, 조사대상 확대 가능성에 대해 검토하고, 유사통계와 조사표 조사항목의 적정성 등을 검토하여 여성농업인실태조사의 품질개선 방안을 마련하고자한다. \n본 연구의 주요 결과를 정리하면 다음과 같다. \n첫째, 여성농업인실태조사의 조사단위 및 조사대상의 적정성을 검토하고, 통계청에서작성 및 관리하고 있는 2020년 농림어업총조사를 표본추출틀로 사용하여 확률표본추출하는 표본설계 방안을 제시하였다. 통계 신뢰성을 제고하기 위해 조사모집단 즉여성농업인을 충분히 대표할 수 있는 적정 표본규모를 제시하는 한편, 지역(9개 도및 특광역시)및 동/읍면부를 층화기준으로 사용하여 모집단의 특성을 잘 반영한효과적인 표본배분방법을 검토하고, 정확한 통계산출을 위하여 표본설계에 따른모수추정식, 가중치 산출 등을 포함한 새로운 표본설계 방안을 제시하였다. \n둘째, 농어업인 등에 대한 복지실태조사, 다문화가족실태조사, 양성평등실태조사 등유사통계의 조사대상 범위 및 조사내용, 표본규모 및 예산 등 작성현황을 비교분석하였다. \n마지막으로, 조사목적에 부합하는 조사표 설계방법의 적정성을 검토하고, 조사대상별조사표(일반여성농업인, 귀농여성농업인, 다문화가정여성)의 조사항목간 중복, 활용도및 중요도, 개별문항 등을 검토하여 조사항목을 정비하고 조사표 개선안을 제시하였다. \n요약\n여성농업인실태조사는 여성농업인에 대한 전반적인 현황을 파악하는 객관적이고 신뢰성 있는 데이터를 구축하여 통계 이용자 수요에 부응하고, 정부, 산업계, 학계 등 여성농업인 육성 5개년 계획의 중간평가 및 관련 정책수립을위한 기초자료로 활용하는 데 그 목적이 있다. \n2020년 여성농업인실태조사 정기통계품질진단 결과 및 표본설계를 검토한결과 ‘표본규모 확대 및 표본설계 개선’, ‘유사통계 검토’, ‘조사표 설계 및 조사항목 개선’ 등이 필요한 것으로 파악되었다. \n따라서 본 연구에서는 2018년 여성농업인실태조사의 조사결과와 기존의 표본설계를 바탕으로 새로운 표본설계 방안과 그에 적절한 모수 추정방안, 조사 목적에부합하는 조사표 및 조사항목 등 조사표 설계 개선안을 마련하여 여성농업인실태조사의 품질개선 방안을 제시하였다. \n현재 여성농업인실태조사는 일반여성농업인, 귀농여성농업인, 다문화가정여성을대상으로 각각 별도의 조사표와 조사항목을 사용하여 여성농업인의 실태를 조사하고 있는데, 조사대상별 표본설계와 표본설계 개선안을 비교하여 요약하면다음과 같다. \n결론적으로 새로운 표본설계에서는 일반여성농업인과 귀농여성농업인 실태조사를 통합하고, 지역을 층화기준으로 구축된 조사모집단에 대한 충분한 분석을 통해모집단의 특성을 잘 반영한 효과적인 표본배분방법과 표본추출방법을 제시하였다. \n또한 정확한 통계산출을 위해 표본설계에 따라 설계가중치와 조사과정에서 발생하는 무응답 조정을 위한 무응답조정가중치 등을 적용한 가중치를 부여하는 과정을구체적으로 기술하였고, 모수추정식을 제시하였다. 다문화여성실태조사는 조사목적에 적합하지 않아 조사대상에서 제외하였다. \n제 1 장 서 론\n제 1 절 연구배경 및 목적\n‘여성농업인실태조사’는 여성농업인에 대한 전반적인 현황을 파악하는 객관적이고 신뢰성 있는 데이터를 구축하여 통계 이용자 수요에 부응하고, 정부, 산업계, 학계 등 여성농업인 육성 5개년 계획의 중간평가 및 관련 정책수립을위한 기초자료로 활용하는 데 그 목적이 있다. 이 조사는 여성농어업인육성법제8조, 통계법 제18조에 의한 승인통계(제114036호)에 조사 근거를 두고 있다. \n본 조사는 2003년 여성농업인실태조사로 최초 실시된 이래, 5년 주기로 조사가 실시되어 2018년 제4차 실태조사가 완료되었다. 2003년 국가승인통계로 지정되었으며, 조사기간, 표본설계 변경, 조사항목 수정 등의 이유로, 2008년, 2014년, 2018년 통계작성 변경승인을 받은 바 있다. \n여성농업인실태조사는 조사원이 직접 가구를 방문하여 조사하는 면접조사로 2018년 조사의 조사 실시 기간은 2018.8.28. ~ 2018.10.12이고 조사 기준시점은 2017.9.1. ~2018.8.31. 이다. \n조사항목여성농업인실태조사에서 공표되는 주요 분류 수준은 거주지별, 가구형태별, 가족수별, 월평균지출액 등이다. 이때 거주지는 7개 분류(수도권/강원권/충청권/전라권/경북권/경남권/제주권), 가구형태는독신가구/부부가구/기타로분류로공표된다. 다만 2018년 공표자료의 경우 표본 수 축소로 인해 대표성이 확보되기 어려워 거주지별로 공표되지 않았다. \n한편, 일반여성농업인과 귀농여성농업인의 경우 연령대, 혼인상태, 영농규모, 주력품목, 경지면적, 농산물판매금액 분류로도 공표된다. 이때 분류수준은 연령대의 경우 5개분류(30대이하/40대/50대/60대/70대이상)로 공표되고, 혼인상태의 경우 3개 분류(미혼/기혼/기타)로 공표된다. 영농규모의 경우는 5개 분류(소규모/중소규모/중규모/중대규모/대규모)로, 주력품목의 경우는 7개 분류(논벼/과수/노지채소/시설채소/화훼특작/전작/축산)로 공표된다. \n『2018년 여성농업인 실태조사』보고서는 확정치 공표일정에 따라 2019년 6월에 책자로 발간되어, 농림축산식품부 홈페이지 정보광장 게시판1)에 공개되었으며(잠정치 없이 확정치만 공표), KOSIS에도 통계표가 게시되어 있다. \n2018년 여성농업인실태조사의 정기통계품질진단(2020)결과와 표본설계를검토한 결과 ‘표본규모 확대 및 표본설계 개선’, ‘유사통계 검토’, ‘조사표 설계 및 조사항목 개선’ 등이 필요한 것으로 파악되었다. \n따라서 본 연구에서는 2018년 여성농업인실태조사의 조사결과와 기존의 표본설계를 바탕으로 새로운 표본설계 방안과 그에 적절한 모수 추정방안, 조사목적에 부합하는 조사표 및 조사항목 등 조사표 설계 개선안을 마련하여 여성농업인실태조사의 품질개선 방안을 마련하고자 한다. \n제 2 절 연구내용 및 방법\n본 연구에서는 여성농업인실태조사의 신뢰성과 정확성 제고를 위한 개선방안을 제시하고자 한다. \n정량적 연구방법 설계에서는 누구를 대상으로 조사할 것인가, 무엇을 조사할 것인가, 어떤 자료수집 방법을 이용하여 몇 명을 조사해야 하는가, 데이터를 어떻게 처리하고 어떤 결과물을 얻을 것인가 등을 총체적으로 고려하여 조사에 대한 설계 및 표본설계가 이루어져야 한다. 즉 조사 대상 및 응답자 특성, 조사목적, 조사항목, 표본추출방법 및 표본크기, 결과 공표 등은 각각독립적인 것이 아니라 톱니바퀴처럼 서로 얽혀 있으므로 이를 총체적으로고려해서 연구설계가 결정되어야 한다. 이때 예산이나 기간 등 조사여건 및 현실적인 한계 역시 고려하여 최선의 방안을 찾아야 하므로 표본추출의 이론적 원칙과 조사 과정에서 발생할 수 있는 현실적 상황과 한계를 고려하여 연구설계를 해야 한다. \n현재 여성농업인실태조사는 일반여성농업인, 귀농여성농업인, 다문화가정여성을 대상으로 각각 별도의 조사표와 조사항목을 사용하여 여성농업인의 실태를조사하고 있다. 따라서 우선 조사단위 및 조사대상, 조사항목 등 현행 조사표의 적정성을 검토하고 조사표 설계의 개선안을 제시한다. \n표본설계 개선방안을 마련하기 위해 우선 모집단 현황을 분석하여 표본이 모집단을 잘 대표하도록 표본설계가 되어있는지 검토한다. 현재 여성농업인실태조사 표본설계는일반여성농업인, 귀농여성농업인, 다문화가정여성을조사하기 위하여 각각 다른 표본추출틀을 사용하여 표본을 추출하고 있는 한편, 비확률표본추출로 설계되어 있어 통계를 활용하기에 한계가 있었다. 따라서우리나라 여성농업인을 잘 대표할 수 있도록 확률표본추출 방법을 적용하고각 지역별 층화에 따른 최적 표본 규모 산출 및 표본배분에 대해 연구하고자한다. \n추가로 향후 여성농업인실태조사의 표본설계 및 조사표 개선에 활용될 수있도록 유사통계의 조사대상 범위 및 조사내용, 표본규모 및 예산 등 작성현황을 검토한다. 이를 위해서 다음과 같은 단계에 걸쳐서 세부적인 내용을 다룬다. \n1. 조사표 검토\n각각 별도로 조사되는 일반여성농업인, 귀농여성농업인, 다문화가정여성의조사표와 조사항목을 비교하여 조사단위 및 조사대상의 적정성을 검토하고, 조사항목이 조사목적에 부합하는지 등 현행 조사표의 적정성을 검토한다. \n또한 현재 조사항목이 많아 응답자들의 응답부담이 높은 것으로 파악되므로 조사표간 조사항목들간 중복 여부, 활용도 및 중요도, 개별문항 등 검토 후조사항목을 정비하고 조사표 설계의 개선안을 제시한다. \n*(일반여성농업인)6개 부문 76문항/(귀농여성)6개 부문 76문항/(다문화여성)6개 부문 81문항\n2. 유사통계 검토\n여성농업인실태조사의 조사대상이나 목적, 조사내용 등의 측면에서 비슷한성격의 조사통계(농어업인 등에 대한 복지실태조사, 다문화가족실태조사, 양성평등실태조사 등)를 중심으로 유사통계의 조사대상 범위 및 조사내용, 표본규모및 예산 등 작성현황을 비교분석한다. \n3. 현행 표본설계 검토\n2018년 여성농업인실태조사의 지역별 대표성을 검토하기 위해 모집단 현황을분석하여, 현행 조사의 문제점 등을 파악하고 조사 목적을 고려한 층화변수를선정, 표본배분에 활용하여 대표성 있는 표본을 얻기 위한 표본설계안에 반영한다. 또한 지역별 추정을 위한 가중치와 추정치의 오차 계산을 위해 분산추정식과 가중치 계산과정을 제시한다. \n상기의 단계적인 세부 내용을 수행하기 위해서 다음과 같은 방법을 사용한다. \n□ 문헌연구 및 자료분석2018년 여성농업인실태조사 보고서와 현행 표본설계 방안 등을 검토한다. \n그리고 표본추출틀 및 모집단 분석, 표본오차의 추정을 위하여 연관된 조사자료를 수집한다. 또한 추정량, 추정량의 오차를 계산하기 위한 가중치 계산, 표본추출방법, 표본배분 공식, 분산추정식 등에 대한 통계이론들을 검토 및 적용한다. \n□ 관련 전문가의 의견 수렴 및 자문회의 개최본 조사를 총괄적으로 담당하고 있는 작성기관 관련자와 통계청 관계자, 표본설계 관련 전문가, 여성농업인 전문가와의 자문회의 등을 통해 의견을 수렴하고 문제점을 논의한다. \n제 3 절 연구의 기본 목표와 절차\n본 연구에서는 다음 사항들을 기본목표로 한다. \n(1)여성농업인실태조사를 위한 현행 조사표 설계의 문제점을 검토한 후, 개선 방안을 마련한다. \n(2)유사통계 작성현황을 검토하여 표본설계, 조사표 개선에 반영한다. \n(3)2018년 표본설계의 특징을 분석하고 문제점을 보완해서 조사결과의정확성과 신뢰성을 높일 수 있도록 표본설계 개선방안을 마련한다. \n(4)제5차 여성농업인실태조사를 위한 최신의 표본추출틀을 제시하고, 확률추출을 근간으로 해서 특성별 추정이 가능하도록 추정량과 추정량의 분산추정식을 제시한다. \n한편, 효율적인 연구를 위해서 다음과 같은 단계적 절차를 밟는다. \n(1)여성농업인실태조사의 조사표별 조사대상 및 조사항목을 비교검토한다. \n(2)유사통계 조사대상 범위 및 조사내용, 표본규모 및 예산 등 작성현황을 비교분석한다. \n(3)2018년 여성농업인실태조사 자료로부터 지역별 특성 분석과 표본배분을 위한 변수를 찾아 표본설계에 반영하고, 주어진 조사여건 하에서 층화방법, 추출방법, 표본배분방법 등을 결정한다. \n(4)최신의 표본추출틀 자료를 분석하고, 가중치와 추정량, 그리고 추정량에 대한 오차공식 등을 제시한다. \n제 2 장 여성농업인실태조사 작성현황 검토\n제 1 절 여성농업인실태조사 개요 및 표본설계\n1. 2018년 여성농업인실태조사 개요\n□ 통계명 및 기본정보\n- 통계명: 여성농업인실태조사(승인번호: 제114036호)\n- 작성기관: 농림축산식품부 농촌여성정책팀\n- 법적근거: 여성농어업인육성법 제8조\n- 조사 및 공표주기: 5년\n□ 조사목적 및 조사대상\n○ 조사목적\n- 여성농업인에 대한 전반적인 현황을 파악하는 객관적이고 신뢰성 있는데이터를 구축하여 통계 이용자 수요에 부응하고, 정부, 산업계, 학계 등여성농업인 육성 5개년 계획의 중간평가 및 관련 정책수립을 위한 기초자료로 활용\n○ 조사대상\n- 여성농업인 실태파악을 위하여 농촌지역에 거주하는 농가 내 일반여성, 귀농여성, 다문화여성에 대해 각각 별도의 조사표 활용하여 조사 \n· 조사대상(일반/귀농): 현재 농가에 거주하는 만18세 이상 여성 중 지난1년 동안(17.9.1~18.8.31)최소 90일 이상 농업에 종사하고, 논·밭 등경지를 10a(300평, 1000제곱미터)이상 경영·경작 또는 연간 농축산물판매금액이 120만원 이상인 농가의 구성원 \n· 조사대상(다문화): 농촌 지역의 결혼여성이민자(농업에 종사하지 않는 여성 포함)\n2. 2018년 여성농업인실태조사 표본설계\n□ 모집단과 표본추출틀\n○ 목표모집단\n- 우리나라에 거주하고 있는 여성농업인\n○ 조사모집단\n- 일반여성: 2015년 농림어업총조사의 농가 중 읍/면 지역 농가의 여성\n- 귀농여성: 2016년 귀농어·귀촌인통계의 귀농인 중 읍/면 지역 여성\n- 다문화가정여성: 2016년 체류외국인통계의 결혼이민자 중 읍/면 지역의 결혼여성이민자\n○ 목표모집단과 조사모집단 차이\n- 목표모집단은 우리나라 전국에 거주하는 여성농업인으로 정의하는데, 조사모집단은 서울, 광주, 대전 제외(다문화 가정은 제주 제외)한 13개 광역시도(동지역만 있는 시도는 제외하며 도농복합시는 포함)에 거주하고 있는 18세 이상 여성이면서, 3개월 이상 직접 농사 지은 여성농업인으로 정의하고 있음\n○ 표본추출틀\n- 일반여성: 통계청 2015년 농림어업총조사\n- 귀농여성: 통계청 2016년 귀농어·귀촌인 통계\n- 다문화여성: 법무부 2016년 체류외국인통계\n□ 표본추출방법 및 표본규모\n○ 표본추출방법\n- 일반여성: 다단계집락할당표본추출\n- 귀농여성/다문화여성: 비례할당추출법\n○ 표본규모\n- 본 조사는 비확률표본추출로 모수 추정을 위한 표본크기는 설정할 수없었으며, 표본오차를 2% 이내로 하도록 2000 내외로 표본크기를 설정함\n- 세부적으로는 일반여성농업인(65세 이하)을 1500명 할당했으며, 귀농여성농업인 경우 실제 가구수 비율(1.2%)보다 많은 250가구(12.5%)를할당함. 그리고 다문화가정여성 또한 실제 가구수 비율(1.2%)보다 많은 250가구(12.5%)로 할당을 함\n- 다문화가구와 귀농여성의 실제 가구수 비율보다 많이 할당한 이유는\n귀농여성농업인과 다문화가정여성의 의견을 심층파악하여 유의미한 결론 도출을 위함임\n제 2 절 여성농업인실태조사 현황분석\n2018년 여성농업인실태조사에 대하여 모집단 및 표본 현황을 살펴본다. \n조사유형별로 일반여성, 귀농여성, 다문화여성의 시도별 분포현황을 분석한다. \n1. 표본설계 기본현황\n- 일반여성의 경우, 1500명의 표본이 모집단인 조사시점 우리나라 동지역을 제외한 읍/면 지역에 거주하는 만 18세 이상의 농가 여성을 대표할 수있도록 시군별 농가 수 비례 할당표본추출을 실시한다. \n · 시군 추출까지는 층화집락추출법으로 추출하고, 최종 표본(여성농업인)은 시군별 농가 수에 비례 할당 표본 추출을 하되, 연령/작목 등을 고려하여특정 계층에 편중되지 않도록 표본을 설정한다. \n- 귀농여성 및 다문화 여성의 경우, 각각 총 250명의 표본을 광역시도별인구 비례 할당하여 표본 추출한다. \n2. 모집단 및 표본 분포\n- 통계청에서 제공하는 2015년 농림어업총조사 자료를 사용하여 거주지역별모집단과 표본의 분포를 살펴본다. \n- 총 가구 108만 8,518가구 중 조사 지역이 농촌이기 때문에 동 지역에거주하는 농가는 조사대상에서 제외되었다. \n- 최종 추출된 전체 일반농가 모집단 수는 992,997가구로, 시도별로는경상북도가 약 18만 4천 가구(18.5%)로 가장 많은 비중을 차지하고있었고, 그 다음으로는 전남이 148,762 가구(15.0%)로 많게 나타났다. \n · 귀농여성이 가장 많이 사는 지역은 경상북도(17.6%)에 이어 전라남도(14.1%)로 나타났다. \n- 표본감소로 인하여 광역시도 내 조사대상인 전국 약 140여 개 시군을모두 추출하는 것이 어려워, 동만 있거나 도서지역으로 조사가 불가능한 시군을 제외하고, 그 외 시군들은 몇 개의 권역으로 묶은 후 권역별로2~3개 일부 시군을 추출한다. \n- 다음으로 추출된 시군별로 읍면을 추출한다. 이때 추출된 시군 내 읍면은시군내 전체 읍면의 약 30%(2개 이상)정도 추출되도록 한다. \n- 표본배분 결과를 살펴보면, 지역에 따라 표본이 배분되지 않거나 너무적게 배분되는 문제점이 있는 것으로 나타나 표본설계의 개선이 필요함을알 수 있다. \n- 한편, 본 조사는 일반여성, 귀농여성, 다문화여성농업인을 대상으로 각각표본추출을 실시하고 있으며, 이때 비확률표본추출인 할당표본추출법을이용하여 표본추출하였으므로 모수추정은 하지 않았다. \n- 본 조사는 일반여성의 표본비율에 비해 귀농여성 및 다문화여성의 표본비율이 상당히 크기 때문에 세 조사의 공통문항을 통합 후 결과를산출하는 경우, 모집단의 지역별 인구비율을 근거로 표본을 가중처리하고 있으나, 이와 관련한 구체적인 가중치 산식은 제시되지 않았다. \n · 단순히 사례수를 합칠 경우 다문화 가구 의견이 과다 반영되고 귀농여성및 일반여성도 유형별로 의견이 왜곡될 수 있어 보정작업이 필요\n제 3 절 여성농업인실태조사 검토내용\n여성농업인실태조사의 2020년 정기통계 품질진단 및 본 연구에서 검토를통해 도출된 문제점 및 개선사항을 정리하면 다음과 같다. \n1. 조사표 개선\n여성농업인실태조사는 일반여성, 귀농여성, 다문화여성으로 구분하여 각각조사하고 있으나 각 조사항목들 간에 중복되는 문항 및 답이 많이 존재하는등 통계의 정확성 저하가 우려된다. 농촌이라는 같은 공간 안에 그룹별 상황과 문제 등을 비교하고자 한다면 공통항목을 최대한 늘리고 조사항목들의 중복성 문제를 수정·보완하여 조사표를 개선할 필요가 있다. 따라서 여성농업인실태조사의 신뢰성 및 정확성 제고를 위하여 조사모집단 즉 조사대상 변경을 고려하고, 이와 관련하여 조사표 변경 및 개선이 필요하다. \n또한 여성농업인실태조사는 여성농업인육성 5개년 기본계획의 중간평가 및 정책수립을 위한 기초자료로 활용하는 것을 목적으로 하므로, 정책적 시의성및 관련성을 반영하는 것이 바람직할 것이다. 그러나 현재의 여성농업인실태조사 조사항목에는 제5차(2021~2025년)여성농업인 육성 기본계획 정책방향및 목적에 부합하는 항목 즉 농가 여성의 양성평등 실태 확인을 위한 항목들이 부재하다. 이에 본 연구에서는 여성농업인들의 양성평등 실태 확인을 위한항목들을 포함하는 것을 고려할 필요가 있다. \n2. 표본설계 개선\n표본조사는 관심대상인 전체집단(즉 전국의 여성농업인)중 일부를 표본으로 추출하여 그 표본만을 대상으로 조사를 진행한 후, 표본의 조사 결과로 전체집단의 특성을 추정하는 것이다. \n그러나 제4차 2018년 여성농업인실태조사는 비확률표본추출법으로 표본조사를 수행하여 모집단에 대한 대표성을 확보하기 어려우며 이에 모수추정을 하지 않았고, 따라서 상대표준오차 역시 파악되지 않는 한계가 존재하였다. 또한 가중치 역시 제시되지 않아 표본설계가 개선될 필요가 있었다. \n또한 제4차 2018년 여성농업인실태조사는 제3차 실태조사에 비해 표본규모가 3,000명에서 2,000명으로 3분의 1 정도 감소하였다. 표본 감소로 인한 제약에 따라 일부 지역들을 제외하여 전체 모집단의 지역별 특성을 충분히 반영하지 못하였으며, 일반여성농업인의 표본비율이 전체 모집단의 단 0.16% 수준 밖에 미치지 못하는 등 현행 표본설계방안이 모집단에 대한 대표성을 확보한다고보기 어렵다. \n또한 일반여성농업인의 표본비율에 비해 귀농여성 및 다문화여성의 표본비율은상당히 높은데, 이들의 표본규모를 산출한 근거가 부족하고 공표된 표본오차역시 귀농여성과 다문화여성의 표본오차가 동일한 값을 갖는 등 오류가존재하여 표본설계에 대한 점검 및 개선이 필요하다. \n따라서 조사대상과 조사목적을 고려하고, 최신의 모집단 정보를 활용하여층화방법 및 배분방법, 표본규모에 대한 타당성을 검토하고 효율적인 방법을적용해야 할 것이다. 표본규모 확대의 경우 허용오차수준(최대 10% 이내 고려)을 고려하여 모집단에 대한 대표성을 확보할 수 있도록 해야 한다. 또한 확률표본추출법을 고려하여 표본설계를 개선하는 한편, 추출된 표본에 대해 가중치및 모수추정 방법이 함께 제시되어야 할 것이다. \n여성농업인실태조사에 대한 표본설계 측면의 품질개선 요구사항을 정리하면 다음과 같다. \n첫째, 조사대상 변경에 따른 표본추출틀 및 표본설계 개선 \n둘째, 조사대상 변경 시 최적 표본규모 산출 및 표본배분방안 제시 \n셋째, 표본추출법에 따른 가중치 및 모수추정 방법 제시\n○ 4차 여성농업인실태조사에서 일반여성농업인, 귀농여성농업인, 다문화여성에 대한 정의\n- 일반/귀농 여성농업인 : 현재 농가에 거주하는 만 18세 이상의 여성중 지난 1년동안(17.9.1~18.8.31)최소 90일 이상 농업에 종사하고, 논·밭 등 경지를 10a(300평)이상 경영·경작 또는 연간 농축산물판매 금액이 120만원 이상인 농가의 구성원\n- 다문화 여성 : 농촌지역의 결혼여성 이민자(농업에 종사하지 않는 여성 포함)\n□ 조사표 구성 및 항목\n○ 조사항목 체계\n- 일반여성농업인, 귀농여성농업인, 다문화여성 유형으로 나누어 별도조사표를 활용하며, 7개 부문(인적사항, 기본사항, 가구현황, 경제·사회활동, 교육, 복지, 정책수요)에 대해 일반 및 귀농 여성농업인76개 문항, 다문화여성 81개 문항으로 조사한다. \n□ 공표통계자료\n○ 공표자료\n- 일반여성농업인 조사 19개 통계표, 귀농여성농업인 조사 20개 통계표, 다문화 여성 6개 통계표 공표되고 있으며, KOSIS에서 공표되는 조사별항목은 다음과 같다. \n□ 조사표 개선 방향 도출\n○ 조사대상 재설정\n- 농업을 주업으로 하면서, 농업외 소득활동이 있는 겸업 여성농업인을 포함하기 위해 여성농업인의 정의를 재설정할 필요가 있다. \n- 조사표 중복성 및 일반여성농업인 조사의 대표성 확보를 위해 일반여성농업인, 귀농여성농업인 통합하여 조사하고, 다문화여성의 경우타 조사로 대체하거나 별도 조사하는 것이 바람직하다. \n○ 기본사항 조사항목 조정\n- 응답자 기본 사항에 출신국가란, 귀농여부 추가 필요하며, 이와 더불어 농외소득 각 분야에서 얻는 소득규모 및 활동기간 추가 필요하다. \n○ 복지현황 조사항목 조정\n- 대부분의 여성농업인 실태조사의 복지현황 항목은 농어업인 등에 대한 복지실태조사 항목과 중복되므로 삭제 가능하며, KOSIS 공표항목인‘필요여성시설’의 경우 존치하는 것이 바람직하다. \n○ 양성평등 및 안전 영역 신설\n- 양성평등 조사항목 추가 : 여성농업인의 양성평등 의식, 가족 가치관 및 가족생활, 인권과 안전 등에 대한 실태를 파악하기 위해 해당 항목을 추가하는 것이 바람직하다. 이를 위해 여가부의 양성평등실태조사 항목을 차용하도록 한다. \n- 단, 양성평등실태조사의 ‘사회관계 및 사회참여’, ‘시간 활용’ 영역의경우 여성농업인 실태조사의 항목과 중복되거나, 조사의 일치성을저해하므로 반영하지 않기로 한다. \n제 2 절 조사표 및 조사항목 개선안\n1. 조사대상 및 조사표 개선\n□ 조사대상 범위\n○ 조사대상 단일화\n- 일반여성농업인조사와 귀농여성농업인 조사를 통합하여, 여성농업인조사를 시행하도록 하며, 이 경우 농촌지역 다문화 여성 가운데여성농업인 정의에 부합하는 여성 또한 조사대상에 포함되게 된다. \n○ 일반여성농업인 정의\n- 현재 농가에 거주하는 만 15세 이상 여성 중 지난 1년 동안 최소 90일 이상 농업에 종사하거나, 논·밭 등 경지를 10a(300평)이상 경영·경작 또는 연간 농축산물 판매금액이 120만원 이상인 농가의 구성원- 농업을 주업으로 하면서 농업 외 소득활동이 있는 겸업 여성농업인을 포함하며, 농업 외의 일을 주업으로 하는 여성 제외한다. \n□ 조사표 개선\n○ 조사표 단일화\n- 일반여성농업인조사와 귀농여성농업인 조사를 통합함에 따라, 단일여성농업인조사표를 이용하도록 하며, 조사표 수정은 일반여성농업인 조사표를 기준으로 진행하도록 한다. \n○ 조사표 영역 재설정\n- 기존 복지현황 영역을 삭제하고, 양성평등 영역을 새로 신설한다. \n○ 문항 수정\n- 전문가 자문, 농림축산부, 통계청의 의견을 검토하여 문항 수정\n2. 조사문항 개선(※ 부록2 조사표 개선안 참조)\n□ 인적사항\n○ 조사 시 유의사항\n- 변경 전\n조사 시 유의 사항\n☞ 2017년 6월 1일~2018년 6월 1일 사이 최소 3개월 이상 농업에 종사한 만 18세 이상 여성이 조사 대상입니다. \n☞ 논·밭 등 경지를 1,000m2(약 300평)이상 직접 경작하고, 연간 농축산물의 판매금액이 120만원 이상인 농가가 대상입니다. \n☞ 가구에 2명 이상 여성이 농사를 지으면 더 많이 농사를 지으시는 여성분이 조사 대상입니다\n- 변경 후 : 조사대상 정의 변경에 따라 변경 필요\n조사 시 유의 사항\n☞ 2017년 9월 1일~2018년 8월 31일 사이 최소 3개월 이상 농업에 종사한 만 15세 이상 여성이 조사 대상입니다\n☞ 논·밭 등 경지를 1,000m2(약 300평)이상 직접 경작하거나, 연간 농축산물의 판매금액이 120만원 이상인 농가가 대상입니다. \n제 4 장 유사통계 검토\n제 1 절 유사통계 작성현황\n1. 유사통계 개요\n여성농업인실태조사와 관련있는 15종의 승인통계(주로 조사통계)들을 검토하였다. 크게 여성관련 조사 6종, 농업관련 조사 4종, 귀농관련 조사 2종, 다문화 관련 조사 3종을 검토하였으며, 검토한 승인통계들은 다음과 같다. \n- 농업관련 조사 : 여성농업인실태조사, 농림어업총조사, 농림어업조사, 농어업인등에 대한 복지실태조사\n- 여성관련 조사 : 여성폭력실태조사, 경력단절여성등의 경제활동실태조사, 여성관리자패널조사, 여성가족패널조사, 여성과학기술인력활용실태조사, 양성평등실태조사\n- 귀농관련 조사 : 귀농어 귀촌인 통계, 귀농귀촌 실태조사\n- 다문화관련 조사 : 출입국자 및 체류외국인 통계, 전국다문화가족실태조사, 국민다문화수용성조사\n2. 주요 유사통계 작성현황 비교검토(※ 부록3 유사통계 요약표 참조)\n여성농업인 실태조사의 주요 유사통계인 농어업인등에 대한 복지실태조사, 전국다문화가족 실태조사, 양성평등 실태조사, 여성관리자 패널조사의 작성현황은 아래 표와 같다. 그 외 조사의 경우 부록3을 참고하도록 한다. \n제 2 절 유사통계 검토결과\n1. 조사대상 남성 포함\n여성농업인 실태를 파악하기 위해 현재의 조사대상인 여성 뿐 아니라 남성역시 조사대상으로 확장하여 포함할 필요가 있는지 검토한다. 유사통계 검토결과, 실태파악 및 조사목적 달성을 위해 조사대상의 비교군으로 조사대상범위를 확장하여 포함한 사례들이 있는 것으로 나타났다. \n- 농어업인에 대한 복지실태조사 : 1차년도(2018)종합조사, 2~5차년도(2019~2022)부문별 조사로 이루어졌으며, 종합조사는 농어촌 주민과 도시 주민의 비교를 위해 농어촌 2,800가구, 도시 1,200가구를 대상으로 조사하였다(2021 농어업인등에 대한 복지실태 조사보고서, 국립농업과학원)\n- 여성관리자패널조사 1기(2007~2019): 여성관리자 및 인사담당자를 대상으로 조사가 이루어졌으며, 남녀 비교를 위해 2차 및 3차(2008, \n2009)에 한해 남성관리자를 추가 조사하였다. 2차 조사에서는 여성관리자 1806명, 인사담당자 315명, 남성관리자 800명을 조사했으며, 3차 조사에서는 인사담당자 269명, 여성관리자 1682명, 남성관리자800명을 조사하였다(여성관리자패널조사 통계정보보고서, 한국여성정책연구원)\n- 여성관리자패널조사 2기(2020~): 남녀 비교를 위해 여성관리자, 남성관리자 및 인사담당자를 대상으로 조사가 이루어지고 있으며, 2021년 조사의 경우 여성관리자 3,500명, 남성관리자 1,511명, 인사담당자 604명을 조사하였다(2021년 여성관리자패널조사, 한국여성정책연구원)\n2. 예산 적정성 검토\n앞 절에서 여성농업인실태조사의 주요 유사통계로 작성현황을 검토한 4종의 조사통계 중 여성관리자패널조사는 인터넷조사로 조사가 이루어지므로 여성농업인실태조사와 같은 면접조사와 조사의 난이도 및 비용에 상당한 차이가존재한다. 따라서 여성관리자패널조사는 제외한 나머지 유사통계 및 농림축산식품부의 귀농귀촌실태조사의 예산을 비교 검토하였다. \n- 2018 여성농업인 실태 조사 : 일반여성농업인 1,500가구, 귀농여성농업인 250가구, 다문화 여성 250가구, 총 2,000가구를 조사하였으며, 약 8천만원의 예산이 배정되었다. 조사비용은 건당 약 4만원이다. \n- 2021 농어업인등에 대한 복지실태조사 : 농어촌 4,000가구(가구 내적격 가구원)를 조사하였으며, 약 3억5천만원의 예산이 배정되었다. \n조사비용은 건당 약 8만원이다. \n- 전국다문화가족 실태조사 : 전국 16,000가구(가구 내 적격 대상자)를 조사하였으며, 약 16억원의 예산이 배정되었다. 조사비용은 건당 약10만원이다. \n- 양성평등 실태조사: 전국 4,500가구를 조사하였으며, 약 4억 4천만원의 예산이 배정되었다. 조사비용은 건당 약 10만원이다. \n- 2020 귀농귀촌실태조사 : 전국 귀농귀촌 4,000가구(귀농 2,000가구및 귀촌 2,000가구)를 조사하며, 약 4억의 예산이 배정되었다. 조사비용은 가구 건당 약 10만원이다. \n- 2021 귀농귀촌실태조사 : 전국 귀농귀촌 6,000가구(귀농 3,000가구및 귀촌 3,000가구)를 조사하며, 약 5억의 예산이 배정되었다. 조사비용은 가구 건당 약 8만원이다. \n2018년 여성농업인 실태조사의 경우 농촌지역 다문화여성 조사를 위해서조사자 외에 통역자를 동반하는 등 면접조사의 비용이 타 조사대비 높았음에도 불구하고, 다른 조사와 비교할 때 조사비용이 낮은 것을 알 수 있다. 또한조사 규모 역시 일반 가구를 대상으로 하는 타 조사의 절반에 미치지 못하는 것으로 나타난다. 따라서 조사의 정확성 및 대표성 확보를 위한 표본 수 확대와 적정 수준으로의 예산 증액이 필요한 것으로 여겨진다. \n제 5 장 표본설계 개선방안\n제 1 절 표본설계 개선의 목적 및 방향\n여성농업인실태조사를 위한 표본설계의 개선을 위한 목적은 조사목표 및 통계산출을 위한 현행 표본설계의 적절성 평가 및 개선이다. 이를 위해 본연구에서는 여성농업인실태조사의 품질개선을 위해 조사모집단 변경을 반영하여 표본설계 개선안을 제안하고자 한다. \n이러한 목적을 달성하기 위해 설정한 구체적인 목표는 다음과 같다. \n첫째, 조사대상 변경 및 확대 검토\n둘째, 조사대상 변경을 반영한 표본크기 검토 및 제안\n셋째, 조사대상 변경에 따른 표본추출방법 개선방안\n넷째, 표본추출방법에 따른 모수 추정치 및 가중치 제시\n이를 위한 여성농업인실태조사 표본설계 개선방향은 다음과 같다. \n(1)조사 목적을 충실히 달성하기 위해서 합리적인 표본추출 및 표본배분원칙과 실사의 효율성을 높이도록 한다. \n(2)최신의 모집단 분석 결과와 2018년 조사데이터 분석 결과를 토대로표본배정을 위한 층화변수 등을 찾고, 다양한 표본배분 방법인 비례배분, 제곱근 비례배분, 네이만배분 등을 검토하고, 조사여건을 고려하여 최종 결정한다. \n(3)가중치 부여 과정을 포함해서 모수 추정식과 추정식의 오차계산 공식을 제시한다. \n제 2 절 모집단 정의 및 분석\n1. 모집단과 조사항목\n1)모집단 및 표본추출틀 정의\n여성농업인실태조사의 목표모집단은 우리나라에 거주하는 여성농업인이나, 여성농업인통계가 존재하지 않으므로 농림어업총조사 가구명부를 표본추출틀로 하여, 농가 내 적격대상자를 조사하기로 한다. 즉 조사모집단은 2020년 농림어업총조사의 농가내 15세 이상 여성 중 농업에 종사하는 자9)이다. 표본추출틀은최신 모집단을 반영하기 위하여 2020년 농림어업총조사의 103만 5,193가구를대상으로 한다. \n2)조사항목\n여성농업인실태조사의 조사항목은 인적사항, 기본사항, 가구현황, 경제·사회활동, 교육, 복지, 정책수요 및 향후계획의 7개 영역으로 구성된다. 인적사항및 기본사항 영역은 가구원별 현황, 혼인상태, 학력, 농업외 활동, 가구형태및 자녀 사항 등으로 구성되어 있으며, 가구현황 영역은 농가의 주요 생산품목, 토지면적, 연간농산물 판매금액, 자산, 농사일 담당비중, 가사 노동시간 등의항목으로 구성된다. 경제·사회활동 영역은 농업종사기간 및 이유, 평균 농업노동시간, 농업외소득, 여성농업인단체활동 등을 조사한다. 교육활동은 교육경험, 교육장소 및 일수, 희망교육 및 필요한 정책지원 등을 조사하며, 복지현황은 건강상태, 병원이용, 자녀 보육, 문화생활 등을 조사한다. \n정책수요 및 향후계획은 농업활동 의향, 농촌거주 의향, 농업과 농촌에서의 애로사항, 여성의 지위, 여성농업인 정책에 대한 항목으로 구성되어 있다. \n2. 모집단 분석\n2020년 농림어업총조사의 농가 데이터를 이용하여 조사모집단을 파악하고자 한다. 2020년 농림어업총조사의 지역별(17개)가구 수를 살펴보면 다음과같다. 전체 가구수는 1,035,193가구이며, 이를 지역별로 살펴보면 경상북도가 165,754가구(16.0%)로 가장 많은 것으로 나타났으며, 그 다음으로는 전라남도가 136,972가구(13.2%)로 많게 나타났다. \n내륙의 8개 도는 전체 농가의 6.42~16.01% 비율로 분포하고 있었으며, 제주도는 2.93%의 농가 비율을 보인다. 그러나 8개 특광역시의 경우, 농가 비율이0.69~2.40%으로 매우 낮은 분포를 보인다. \n17개 시도 중 8개 특광역시내 거주하는 농가 비율이 매우 작고, 농업정책이 주로 농촌지역 즉 행정구역상 도를 중심으로 이루어짐을 고려할 때, 각 시도별로 조사하는 것보다 9개 도 및 특광역시를 기준으로 모집단 특성을 파악하는것이 적절할 것이다. 제주의 경우 농가비율은 약 3%로 전체 농가 중 많은 비율을 차지하는 것은 아니지만, 제주도 내 농업 관련 정책의 기초 근거자료로의 활용을 고려하여 조사대상지역에서 제외하지 않고 포함하였다. \n그 다음은 약 20만 가구의 1인가구(20.01%), 약 18만 가구의 부부+자녀가구(17.31%)가 많은 비중을 차지하였다. 이들 세 가구 유형이 전체의 약 86%를 차지하고 있었으며 이를 광역시도별로 살펴보면 다음과 같다. 1인가구, 부부가구, 부부+자녀(가구)세대유형에 관계없이 모두 특광역시에 거주하는 비율은 매우 낮은 편임을 알 수 있다. \n농가 중 1인가구는 전라남도(17.78%)와 경상북도(17.19%)에 가장 많이거주하고 있었고, 부부가구 역시 이들 두 지역(경상북도 17.11%, 전라남도13.40%)에 가장 많이 거주하고 있었다. 부부와 자녀가 함께 거주하는 가구는 경기도(17.09%)다음으로 특광역시(16.21%)가 뒤를 이었으며, 이들 세 가구형태 이외의 기타가구는 경기도(18.53%)다음으로 경상북도(13.87%)가 가장많았다. \n다음으로 농가의 주된 농업 경영형태는 논벼(노지), 과수(노지), 식량작물(노지), 채소산나물(노지)이 전체 농가의 81.58%를 차지하는 것을 알 수 있다. \n여성농업인실태조사의 조사대상 즉 조사모집단은 2020년 농림어업총조사의 농가내 15세 이상 여성 중 농업에 종사하는 자로, 이를 그림으로 표현하면다음과 같다. 따라서 표본추출틀인 2020년 농림어업총조사의 103만 5,193가구 내 여성의 분포를 파악하는 것이 필요하다. 이에 조사대상의 지역별(9개 도및 특광역시)분포를 파악하였다. \n전국 농가 내 15세이상 농가여성은 총 111만 2천 500여명으로, 경상북도(169,750명, 15.26%)에 가장 많이 거주하고 있으며, 그 다음으로 경기도(145,957명, 13.12%), 전라남도(138,253명, 12.43%)순으로 거주하고 있었다. \n본 조사대상인 농업에 종사하는 여성농업인의 지역별 분포는 다음과 같다. \n15세 이상 농업에 종사하는 여성은 88만 5,702명이었으며, 이들 중 3개월이상 농업에 종사한 여성은 약 83만 2천여명이었다. 15세이상 농업에 종사하는 여성 중 3개월 이상 농업에 종사하거나 농업에 주업으로 종사하는 여성은 85만 8,284명으로 나타났다. \n한편, 농가여성이 경상북도 다음으로 경기도에 많이 거주하는 것과 달리, 농업에 종사하는 여성농업인은 경상북도 다음으로 전라남도에 많이 거주하는 것으로 나타나, 농가여성과 여성농업인의 분포는 다름을 알 수 있다. \n한편, 15세 이상 여성농업인의 모집단 분포를 17개 시도별로 살펴본 결과, 8개 특광역시는 0.70~2.25%로 매우 낮은 비율을 보인다. 15세 이상 남성농업인 역시 여성농업인의 지역분포와 유사하고 특광역시 비율이 매우 낮음을 알 수 있다. 이에 특광역시를 통합하여 표본설계를 수행하는 것이 적절할것이다. \n이어서 특광역시 및 9개도 즉 10개 지역에 대해서, 여성농업인의 모집단분포를 동부와 읍면부로 구분하여 살펴본 결과, 특광역시는 읍면부에 비해동부에 더 많은 농업인이 있는 반면, 9개 도의 경우 반대로 읍면부 지역의농업인 비율이 매우 높은 것을 알 수 있었다. 즉 10개 지역내에서도 동지역또는 읍면지역에 따라 농업인의 분포가 크게 다름을 알 수 있었다. \n제 3 절 층화\n모집단을 잘 대표하는 대표성있는 표본추출을 위해서는 표본추출틀에 주어진 이용가능한 정보를 활용하는 것이 바람직하다. 본 여성농업인실태조사의 경우, 표본추출틀인 2020년 농림어업총조사의 가구명부에서 파악할 수 있는 지역을 활용하고자 한다. 이때 이전 조사(2018년 여성농업인실태조사)에서 제외되었던 지역들을 모두 조사대상 지역으로 포함하여 층을 구성하고자 한다. \n또한 이전 조사에서 지역에 따라 표본이 배분되지 않거나 너무 적게 배분되는 문제점이 발생하였던 점을 고려하여 새로운 층화기준을 사용하였다. \n본 연구에서는 여성농업인실태조사의 층화기준으로, 10개 지역(9개 도 및 특광역시)및 동/읍면 지역구분(2개 구분)을 층화변수로 구성하였다. 즉 경기도, 강원도, 충청북도, 충청남도, 전라북도, 전라남도, 경상북도, 경상남도, 제주특별자치도 및 이들 지역내 동/읍면 지역을 각각의 층으로 구성하고, 그 외특·광역시(서울특별시, 부산광역시, 대구광역시, 인천광역시, 광주광역시, 대전광역시, 울산광역시, 세종특별자치시)를 하나의 특광역시 범주로 통합하여 해당 지역내 동/읍면지역을 층으로 구성하였다. \n이처럼 서로 중복되지 않는 20개 층에서 독립적으로 표본을 추출함으로써모집단에 대한 대표성을 높이고, 각 부모집단(sub- population)의 추정을 가능하게 하고자 한다. 현재 여성농업인실태조사는 지역별 통계를 공표하지 않고있는데, 이러한 층화기준을 사용함으로써 지역별 공표 및 공표수준별 추정이가능할 것이다. \n제 4 절 표본크기 결정 및 표본배분\n1. 표본크기 결정\n여성농업인실태조사 표본설계에서 고려하는 중요 층화변수는 지역별 구분이다. 표본조사를 계획할 때 조사에서 얻고자 하는 추정값의 오차의 한계를 의미하는 목표오차(target precision)를 설정하고 이러한 목표허용오차를 기준으로표본크기를 결정하고자 한다. 목표허용오차 기준의 최소 표본규모를 결정한 후, 가용 조사인력 및 예산, 조사 소요시간 등 조사에 필요한 제반여건을 종합적으로 검토하여 적정 표본크기를 결정해야 할 것이다. \n본 연구에서는 여성농업인의 모집단 분포가 10개 지역 및 동/읍면 수준에따라 차이가 크게 나타나므로 이를 고려하여 표본크기를 결정하고자 한다. \n그러나 서로 이질적인 층(20개 층)을 고려시, 전체 표본크기는 표본배분방법에 따라 다르다. 예를 들어, 제곱근비례배분을 위해 전체 표본크기를 2,000가구로 한다면 목표허용오차는 3.09%, 2,500일 때는 2.77%, 3,000일 때 2.52%가되며, 목표허용오차를 2% 이내로 하기 위해 필요한 최소의 표본규모는 4천이상이다. \n2. 표본배분 방법\n조사대상의 층간 이질적 특성을 반영하기 위한 대표적인 표본배분 방법으로 비례배분, 제곱근비례배분, 네이만배분, 최적배분을 고려할 수 있다. \n□ 비례배분\n비례배분은 모집단에 대한 이용가능한 별도의 정보가 필요하지 않아 사용이 용이하다는 장점이 있으나 층별 구성비 차이가 클 경우 구성비가 큰 층 중심으로 표본이 배분되기 때문에 적절한 표본배분이 이루어지지 않아 효과적이지 못한 단점이 있다. \n□ 네이만배분\n그러나 네이만배분은 모집단의 특성을 미리 알 수 없는 경우에는 적용하기어렵다. 통상적으로 모표준편차를 예비조사를 통해 추정하거나 과거 조사로부터 축적된 경험적 정보를 사용하는데, 모표준편차의 추정오차가 일정 수준을 벗어날 경우 오히려 비례배분보다 추정량의 분산이 더 커질 수 있다는 한계가있다(<|start|>#@이름1#<|end|>, 1951). 또한 네이만배분은 설계변수의 정보에만 의존하기 때문에 다른 관심변수에 대한 층화분산을 최소화시키지 못하는 결과를 초래할 수있다(<|start|>#@이름2#<|end|>, 1963). \n□ 최적배분\n본 조사에서는 지역별 조사비용과 분산에 대한 기존 근거자료가 미비하므로 조사비용과 분산을 고려하지 않고 추정량의 분산을 최소화할 수 있는 층의크기만을 반영한 비례배분 및 제곱근비례배분 방법을 고려한다. \n3. 표본배분 결과\n1)표본크기가 2,000인 경우\n여성농업인실태조사의 표본크기를 2,000명으로 하는 경우에 20개의 층으로표본배분한 결과, 각 층별 표본배분방법별 표본크기는 다음과 같다. \n비례배분의 경우, 각 층별 오차한계가 최소 6.1%에서 최대 20.1%로 상당히 큰 수준으로 나타났다. 네이만배분의 경우 역시, 오차한계가 층에 따라 최소 5.3%에서 많게는 30.9%까지 보여 매우 큰 것을 알 수 있다. 제곱근비례배분의 경우 최소 7.4%에서 최대 13.5%를 층별 오차한계의 차이를 어느 정도 보완하는 것으로 보이지만, 허용오차가 여전히 큰 것을 알 수 있다. \n2)표본크기가 2,500인 경우\n여성농업인실태조사의 표본크기를 2,500명으로 하는 경우에 20개의 층으로표본배분한 결과, 각 층별 표본배분방법별 표본크기는 다음과 같다. \n비례배분의 경우 층별 오차한계는 5.4~17.9%, 제곱근비례배분은 6.6~12.0%, 네이만배분은 4.7~27.7%의 분포를 보여 제곱근비례배분이 오차한계 측면에서가장 안정적인 표본배분결과를 보인다. \n3)표본크기가 3,000인 경우\n여성농업인실태조사의 표본크기를 3,000명으로 하는 경우에 20개의 층으로표본배분한 결과, 각 층별 표본배분방법별 표본크기는 다음과 같다. \n비례배분의 경우 층별 오차한계는 4.9~16.4%, 제곱근비례배분은 6.1~11.0%, 네이만배분은 4.3~25.2%의 분포를 보여 제곱근비례배분이 오차한계 측면에서 가장 안정적인 표본배분결과를 보인다. \n3)표본크기가 4,000인 경우\n여성농업인실태조사의 표본크기를 4,000명으로 하는 경우에 20개의 층으로표본배분한 결과, 각 층별 표본배분방법별 표본크기는 다음과 같다. \n비례배분의 경우 층별 오차한계는 4.3~14.2%, 제곱근비례배분은 5.2~9.5%, 네이만배분은 3.9~21.9%의 분포를 보여 제곱근비례배분이 오차한계 측면에서가장 안정적인 표본배분결과를 보이며, 모든 층에서 10%이내의 값을 보인다. \n10개 층으로 전체 표본 2,000명 또는 2,500명을 표본배분하는 경우, 각 층별 오차한계는 제주 외 모든 지역에서 10% 이내였고, 특히 3,000명을 제곱근비례배분시 제주 외 모든 지역의 오차한계는 5% 내외로 안정적이다. \n6)남성 포함시 표본배분\n여성과 남성의 농업 주종사자 분포는 비슷하므로 지역별 성별 인구비례로표본배분을 한다면, 남성이 과대추정되어 여성농업인의 실태를 파악하기 어려울것이다. 이에 허용오차를 확보하기 위한 여성농업인의 표본규모를 미리 확보하고, 추가적으로 남성 표본을 배분하는 것이 적절할 것이다. \n남성의 표본크기를 결정하기 위하여, 우선 여성농업인의 표본 규모를 현재표본규모인 2,000으로 유지하면서 비교군으로서 남성에 대한 표본을 500 추가하여 총 2,500명으로 표본규모를 확대하는 방안을 검토하였다. 또한 여성의표본규모를 전국기준 허용오차가 약 2%인 2,000으로 유지하되 남성 비교군표본을 1,000 확대하는 방안, 또는 여성 표본규모를 허용오차를 줄이기 위한2,500명으로 확대하고 남성을 500 조사하는 방안을 검토할 수 있다. \n제 5 절 표본추출\n여성농업인실태조사의 핵심 조사대상은 여성농업인이나 이에 대한 표본추출틀이 따로 없는 바, 농림어업총조사의 일반농가를 활용한 2단계 표본추출방법을 적용한다. 따라서 이 조사의 1차 추출단위(PSU)는 가구가 되며, 2차추출단위(SSU)는 가구내 적격가구원 즉 여성농업인이다. \n한편 층화추출법은 층의 구조에 따라 표본추출법을 유연하게 적용할 수 있는데, 본 연구에서 표본추출은 거주지역을 기준으로 층화를 한 후, 각 층에 표본을배분하고 배분된 표본의 크기대로 각 층별 모집단 정보(예를 들어, 농업경력년수 등)와 가구명부를 활용하여 계통추출법으로 표본을 추출한다. \n현재 층화의 기준인 9개도 및 특광역시 내의 시군구 정보 및 가구원수 등역시 모집단 정보로 활용할 수 있을 것이다. 실제 조사를 진행하며 조사과정에서 표본으로 추출된 대상의 조사가 불가능하거나 무응답이 발생할 경우동일한 속성(동일한 층)의 대상자로 대체하는 것을 원칙으로 한다. \n이를 위해 표본추출과정에서 사전에 원표본과 대체표본을 추출한 후, 원표본이 불가한 경우 1차 대체표본, 그 역시 조사가 불가한 경우 2차 대체표본 등과같이 대체 순서에 따라 표본을 대체하면 예비표본을 실제표본과 같은 계통추출법으로 추출하되 실제표본규모의 2~3배 수 정도를 추출한다. \n한편 조사원의 임의적인 표본대체를 방지하기 위하여 대체지침에 따라 표본을 대체하고 이전 차수에서 조사 불가사항이 발생하면 구체적인 대응방안과 사유를 기록하도록 한다. \n제 6 절 가중치 및 모수 추정\n1. 가중치 조정\n표본설계는 표본조사의 결과가 모집단을 잘 대표할 수 있도록 설계하는 데에 궁극적인 목적이 있으나, 잘 계획된 표본설계가 실제 표본조사의 대표성을보장하는 것은 아니다. 표본의 누락 및 무응답 등으로 인하여 조사된 표본구조가 모집단의 구조와 차이가 있는 경우, 표본조사 결과를 모집단 결과로일반화시키기 어려울 수 있다. \n표본조사의 대표성 확보를 위해서 표본조사 실시 전에는 정교한 표본설계를 통해, 표본조사 실시 후에는 적절한 가중치 적용을 통해 모집단 구조와 일치시킴으로써 추정의 정확도를 제고할 수 있다. 복합표본설계를 통해 얻은 조사 데이터를 데이터 분석단계에서 가중치를 반영하지 않고 분석한다면 편향된결과를 나타낼 수 있다. \n□ 무응답 조정 가중치\n단위 무응답이 존재하는 경우, 이를 보정하기 위하여 최초 목표 표본크기를 유효 표본크기로 나누어 조정한다. 단위 무응답 표본을 대체 표본으로 대체(substitution)하는경우는 무응답 조정 가중치 단계가 불필요하므로 생략할 수 있다. \n□ 사후 층화 가중치\n표본설계에서 고려된 표본의 층별 여성농업인 분포를 조사 시점의 층별 모집단 여성농업인 분포와 일치시키기 위하여 사후 층화 가중치를 고려할 수 있다. \n2. 모수 추정\n1)평균 추정복합표본조사 데이터를 분석할 때 가중치를 무시하고 분석하면 모수 추정에심각한 편향(bias)이 발생할 수 있고, 추정량의 분산이 과소평가되어 문제가 된다. \n따라서 여성농업인실태조사에서 모집단의 특성치에 대한 추정 시 가중치를이용해야 한다. 만약 단순총계를 사용하면 추정치에 편향이 발생할 수 있다. \n제 6 장 결론 및 제언\n여성농업인실태조사는 여성농업인에 대한 전반적인 현황을 파악하는 객관적이고 신뢰성 있는 데이터를 구축하여 통계 이용자 수요에 부응하고, 정부, 산업계, 학계 등 여성농업인 육성 5개년 계획의 중간평가 및 관련 정책수립을 위한 기초자료로 활용하는 데 그 목적이 있다. \n이러한 작성 목적에 맞는 통계 품질 개선을 위해 2020년 여성농업인실태조사 정기통계품질진단 결과 및 표본설계를 검토한 결과, ‘표본규모 확대 및 표본설계개선’, ‘유사통계검토’, ‘조사표설계 및 조사항목개선’ 등이 필요한 것으로 파악되었다. \n따라서 본 연구에서는 2018년 여성농업인실태조사의 결과와 2020년 정기통계품질진단 결과를 토대로 새로운 표본설계 방안(표본배분, 가중치 작성및 모수추정, 패널관리방안 등)과 조사표 개선 등 통계 품질 개선안을 마련하여 여성농업인실태조사의 품질을 개선하고자 한다. \n본 연구의 주요 결과와 제언을 정리하면 다음과 같다. \n첫째, 현재 여성농업인실태조사는 일반여성농업인, 귀농여성농업인, 다문화가정여성을 대상으로 각각 별도의 조사표와 조사항목을 사용하여 여성농업인의실태를 조사하고 있다. 조사목적에 부합하는 조사표 설계방법의 적정성을검토하고, 각 조사표의 조사항목들간 중복, 활용도 및 중요도, 개별문항 등을 검토하여 조사항목을 정비하고 조사표 개선안을 제시하였다. \n조사표 개선안을 위해 우선 조사대상인 일반여성농업인의 정의를 명확히하였으며, 조사대상 재설정에 따라 귀농여성은 일반여성에 포함되므로 일반여성에 통합하여 조사하고 다문화여성은 조사대상에서 벗어나므로 제외하여하나의 통합된 조사표를 제시하였다. \n한편 통합 조사표를 구축하며 항목별 중복 및 중요도를 검토하는 과정에서, 현재의 복지현황 항목들 중 공표항목인 필요여성시설 이외의 문항들은 제외및 간소화하였으며, 양성평등실태를 파악할 수 있는 양성평등 및 안전영역관련 항목들을 추가하였다. \n본 조사는 여성농업인육성 5개년 기본계획의 중간평가 및 정책수립을 위한기초자료로 활용하는 것을 목적으로 하므로, 정책적 시의성 및 관련성을 반영하는것이바람직하다. 현재의 여성농업인실태조사조사항목에는 제5차(2021~2025년)여성농업인 육성 기본계획 정책방향 및 목적에 부합하는 항목 즉 농가 여성의 양성평등 실태 확인을 위한 항목들이 부재하므로 여성농업인실태조사 조사표 및 조사항목에 이를 포함하는 것을 고려할 필요가 있다. \n다만 현재에도 조사내용이 많아 기존의 조사내용을 유지하면서 조사항목을추가하는 것은 조사의 정확성과 효율성이 떨어질 수 있으므로, 조사내용 및 항목의활용도 및 중요도에 따라 조사항목을 검토하여 선택과 집중을 할 필요가 있다. \n학계 및 정책 수립 분야 등 이용자를 대상으로 조사문항에 대한 요구를 조사해, 현실과 괴리가 있거나 응답 빈도가 낮은 조사항목은 삭제하고 정책결정에필요한 문항들을 추가하는 작업이 필요하다. 이와 같은 조사항목 개선 작업은 여성농업인실태조사의 현실성 및 신뢰도를 제고하고 이를 통한 활용도 증가에 기여할 것으로 보인다. \n둘째, 농어업인 등에 대한 복지실태조사, 다문화가족실태조사, 양성평등실태조사 등 유사통계의 조사목적 및 대상, 표본규모 및 예산 등 작성현황을비교분석하였다. 주요 조사대상 외에 조사대상의 비교군으로 대상의 범위를확장한 사례들이 확인되었으며, 이에 따라 여성농업인실태조사에 남성을비교군으로 추가 조사할 근거를 확인하였다. \n비교군의 표본크기는 핵심조사대상의 약 절반 수준(전체 표본수의 약 30% 수준)으로 파악되었다. 이에 남성 표본크기를 결정하기에 앞서, 현행 조사대상을 기준으로 전체 표본 규모를 검토한 후 표본설계 방법과 목표허용오차및 현실적 제약 등을 종합적으로 고려하여 표본크기를 결정하기로 한다. \n셋째, 통계청에서 작성 및 관리하고 있는 농림어업총조사를 표본추출틀로사용하여 확률표본추출하는 표본설계 방안을 제시하였다. 통계 신뢰성을 제고하기 위해 조사모집단 즉 여성농업인을 충분히 대표할 수 있는 적정 표본규모를제시하는 한편, 지역(9개 도 및 특광역시)및 동/읍면부를 층화기준으로 사용하여모집단의 특성을 잘 반영한 효과적인 표본배분방법을 검토하고, 정확한 통계산출을 위하여 표본설계에 따른 모수추정식, 가중치산출 등을 포함한 새로운표본설계 방안을 제시하였다. \n제4차 2018년 여성농업인실태조사는 제3차 실태조사에 비해 표본규모가 3,000명에서 2,000명으로 3분의 1 정도 감소하였다. 표본 감소로 인한 제약에 따라일부 지역들을 제외하여 전체 모집단의 지역별 특성을 충분히 반영하지 못하였으며, 일반여성농업인의 표본비율이 전체 모집단의 단 0.16% 수준 밖에미치지 못하는 등 표본설계방안이 모집단에 대한 대표성을 확보하지 못하는문제가 발생하였다. \n여성농업인실태조사의 공표수준별 허용오차 및 조사환경을 고려했을 때 통계의 신뢰성과 정확성을 제고하기 위하여 표본크기를 2,500명 이상의 수준으로 확대 및 유지하는 방향으로 개선할 필요가 있다. 지역공표를 고려할 때 4,000개의 표본을 제곱근비례배분하는 방안이 오차한계 측면에서 가장 안정적이나, 예산 및 소요시간 등 현실적 제약을 고려할 때 3,000개의 표본을 제곱근비례배분하는것이 이상적으로보여진다. 그러므로 여성농업인실태조사의정확성 및 대표성 확대를 위해, 전체 표본 수 확대 및 이를 위한 적정수준의예산증액(표본수 3,000명으로 확대시 유사통계 면접조사비용인 건당 약 8~10만원을 고려하면 최소 약 2억원)이 필요한 것으로 판단된다. \n이처럼 여성농업인실태에 대한 내용 관련 정성적 검토 및 통계 관련 정량적 검토를 통해 이용자들에게 보다 정확하고 필요한 정보를 제공하는 통계가생산된다면 여성농업인실태조사 통계가 보다 가치있게 활용될 수 있을 것이다. \n"
		}
	]
}