﻿{
	"data": [
		{
			"source_id": "S0000473",
			"title": "『최저임금 적용효과에 관한 실태조사 』 품질개선 컨설팅 최종결과보고서",
			"publisher_company": "통계청",
			"category_main": "경제",
			"category_middle": "통계",
			"isbn": null,
			"collection_name": "사업보고서",
			"contents_type": "공개",
			"issue_date": "2022",
			"corpus": "『최저임금 적용효과에 관한 실태조사』품질개선 컨설팅 최종결과보고서 \n요약\n「최저임금 적용효과에 관한 실태조사」는 최저임금이 기업경영과 고용에 미치는 효과, 사용자와 근로자가 실제 느끼는 최저임금 수준의 만족도 등을 조사하여 향후 최저임금 심의 시 참고자료로 활용하는 데 그 목적이 있다. \n2021년 「최저임금 적용효과에 관한 실태조사」의 작성승인사항, 표본설계 내역 및 조사결과를 검토한 결과 ‘조사대상 선정 기준 검토’, ‘조사체계 변경 필요성’ 및 ‘조사방법 개선안 제시’ 등이 필요한 것으로 파악되었다. 따라서 본 연구에서는 2020~2021년 「최저임금 적용효과에 관한 실태조사」의 선행 연구, 조사결과와 기존의 표본설계를 바탕으로 조사목적에 맞는 조사대상 기준, 조사표 설계, 조사체계 및 조사방법의 적절성 등을 검토하고, 표본설계 전문가 자문회의를 통해 「최저임금 적용효과에 관한 실태조사」의 품질 개선 방안을 제시하였다. \n본 연구에서 도출된 결과 및 제언들은 다음과 같다. \n첫째, 「최저임금 적용효과에 관한 실태조사」는 조사대상 사업체와 근로자에 대해 ‘최저임금액의 1.5배 이하를 받는 저임금 근로자와 이들을 고용하는 사업주’로 설정하고 있는데, 향후 조사에서는 조사대상 근로자에 대한 보다 명확하고 합리적인 기준 설정이 필요한 것으로 판단된다. 그동안 최저임금이 지속적으로 상승하면서 최저임금의 1.5배가 최근에는 거의 중위임금 수준까지 다다른 상황에서 현행 조사대상 근로자 선정 방식을 유지하는 것에 대한 검토가 필요하다는 것이다. 본 연구에서는 최저임금(인상)이 임금분포 상에서의 근로자들의 임금과 고용에 미치는 영향에 대한 실증 연구의 결과를 토대로 조사대상 근로자를, 1)현행대로 최저임금의 1.5배 이하 근로자로 설정하는 방안, 2)중위임금 이하 근로자를 조사대상으로 삼는 방안, 3)중위임금의 2/3 이하 근로자를 조사대상으로 삼는 방안 등 세 가지 안을 제시하였다. \n현행 방식을 유지하는 방안은 통계작성의 일관성을 유지할 수 있는 장점이 있는 반면에 최저임금이 지속적으로 상승할 경위 최저임금의 1.5배가 중위 임금을 넘어설 가능성이 있어 조사대상 ‘저임금’ 근로자에 대한 논란이 지속될 수 있다. 중위임금 이하 근로자를 조사대상 근로자 선정기준으로 삼는 방안은 중위임금이 임금분포 상에서의 지표이기 때문에 쉽게 이해할 수 있고 최저임금의 변동과 상관 없이 일정 수준(전체 근로자의 절반)의 근로자들을 조사대상으로 삼기 때문에 조사대상 모집단의 일관성 유지 측면에서 이점을 가지는 방안이다. 중위임금의 2/3 이하 근로자를 조사 대상으로 삼는 방안은 중위임금의 2/3 이하가 국제적으로 통용되는 통상적인 저임금 근로자의 정의에 부합한다는 점에서 장점이 있는 반면, 현행 방식 보다 포괄되는 조사대상이 협소하게 됨에 따라 조사대상 사업체 및 근로자 추출에 있어 현실적이 어려움이 클 것으로 예상된다. 이들 각 방안의 장단점 들을 고려하여 현실에 맞는 조사대상 근로자 선정 방안이 정책적으로 결정될 필요가 있다. \n둘째, 현재 10개 업종에 대해 조사하고 있는 업종의 포괄 범위를 17개 업종으로 확대하여 더 다양한 업종에서 최저임금 관련 인식을 조사하는 것은 바람직한 것으로 평가된다. 실제로 저임금 근로자들은 다양한 업종에서 종사 하고 있는 것이 사실이며, 업종의 폭을 넓혀 조사할 경우 보다 종합적인 인식조사가 가능해질 수 있다. 다만, 저임금 근로자의 산업별 분포를 살펴 보았을 때 일부 업종에서는 상대적으로 상당히 적은 수의 저임금 근로자만 종사하고 있어 이들 업종에서 조사대상 사업체와 저임금 근로자를 확보하기가 현실적으로 쉽지 않을 가능성이 있다. 따라서 조사의 포괄 업종 결정 시 조사의 수월성도 고려하여 점진적으로 확대해 나가는 것이 합리적인 것으로 판단된다. 같은 논리로, 조사대상 기업체 규모(현재는 0인부터 300인 미만 사업체들에 대해 조사)를 확대하는 문제도 조사의 현실적 어려움까지 감안 하여 결정할 필요가 있다. \n셋째, 표본추출 틀은 현재와 같이 고용형태별근로실태조사와 사업체노동실태 현황을 활용한 2중 추출 형식으로 가는 것이 불가피한 상황인 것을 보인다. \n고용형태별근로실태조사를 통해 업종별 및 규모별 저임금 근로자의 분포를 파악하고 사업체노동실태현황의 사업체 리스트를 활용하여 조사대상 사업체 및 근로자 그리고 대체표본들을 확보하는 것이 합리적인 것으로 판단된다. \n넷째, 현재 업종 및 기업규모를 기준으로 비래배분하고 있는 표본배분 방식을 제곱근 비례배분으로 변경하고, 표본오차를 고려하여 사업체 조사목표 표본수를 현행 3,000개에서 3,500개로 확대하며, 업종 및 기업규모 등의 층화를 바탕으로 가중치를 적용함으로써 모수 추정이 가능하도록 해야 할 것으로 보인다. \n다섯째, 조사표의 구성과 관련하여 조사대상 근로자수는 ‘상용근로자 수’를 기준으로 하고있는 반면 사업체 대상 조사표에서는 일용/기간제 근로자까지 포함하고 있는 상황이어서 응답대상을 일치시키도록 할 필요가 있으며, 근로자 응답대상자 선정과 구분이 용이하도록 사업체 조사표에서 관련 정보가 도출 되도록 할 필요가 있다. 아울러 사업체의 정보 확인 및 기타 행정자료 연계를 위해 사업체 조사표에서 사업자등록번호가 추가되도록 하며, 시간 흐름 순으로 응답란이 제시되도록 할 필요가 있다. \n마지막으로, 그동안 고용노동부 지방관서의 근로감독관 주도 하에 임시 조사원을 통해 조사되었던 조사체계를 조사 전문기관이 보다 체계적으로 조사하도록 변경하는 것은 바람직한 방향으로 판단된다. 이러한 조사체계의 변경은 근로감독관의 부담을 경감시키고, 조사원 채용/교육/관리 측면에서 상대적으로 전문성을 보유한 전문 조사기관이 담당함으로써 조사의 효율성을 제고할 수 있을 것으로 기대된다. 다만, 조사체계 변경 시에도 기업체들로 하여금 조사에 협조할 수 있도록 근로감독관과의 협력이 요청되며, 조사 불응 또는 비협력 사업체들에 대해 근로감독관이 조사지원 업무를 수행하는 것은 불가피할 것으로 보인다. \n제1장 서론\n1. 연구목적\n- 「최저임금 적용효과에 관한 실태조사」는 저임금근로자를 고용하고 있는 사업체의 사업주와 근로자를 대상으로 최저임금 결정수준 등에 대한 인식을 매년 조사하여 최저임금 심의의 기초자료로 활용되어 왔음\n- '최저임금 적용효과에 관한 실태조사'는 저임금근로자를 고용하고 있는 사업체의 사업주와 근로자를 대상으로 최저임금이 기업경영과 고용에 미치는 효과, 사용자와 근로자가 실제 느끼는 최저임금 수준의 만족도 등을 조사하여 최저임금 심의의 기초 자료로 활용되고 있음\n- 본 조사는 1년 주기 조사로 매년 11월에 조사되고 있으며, 조사는 고용노동부 지방관서에서 수행하고, 전산입력 및 처리, 결과 분석 등은 외부 연구기관에서 수행하고 있으며, 최종적인 통계관리는 고용노동부 최저임금위원회에서 담당하고 있음\n- 본 조사는 최저임금법 제23조 및 시행령 제19조에 근거하고 있으며, 2007년에 국가승인통계로 지정된 후 당해 연도부터 매년 조사·작성되고 있음\n- '최저임금 적용효과에 관한 실태조사'의 조사대상 사업체의 범위는 저임금근로자가 밀집해 있는 제조업, 도·소매업 등 주요 10개 업종의 상용근로자 300인 미만 3,000여 개 표본 사업체이며, 동 사업체에 종사하는 사업주와 최저임금 시급액의 1.5배 이하의 10,000명 내외의 표본근로자를 대상으로 면접조사를 통해 자료를 수집하고 있음\n- 조사항목으로는 최저임금 인상의 영향, 최저임금 결정 시 고려사항, 최저임금액 수준에 대한 생각, 최저임금 인상률의 적정수준 등이 사업주와 근로자 대상 조사에 공통적으로 포함되며, 이들 이외에 사업주의 경영상황과 근로자의 기본 사항이 조사됨\n- 그러나 저임금근로자 고용 사업체의 모집단 설정이 불명확하여 조사된\n표본을 통해 의미 있는 통계를 작성하기가 어렵다는 지적이 제기되어 왔고, 이에 따라 최근 동 조사의 통계품질 개선을 위한 연구를 진행하여 개선안이 제시되었음\n- '최저임금 적용효과에 관한 실태조사'의 현행 조사 모집단은 ‘상용 300인 미만 사업체 중 최저임금액의 1.5배 이하를 받는 근로자와 이들을 고용하는 사업주’로되어 있으나, 저임금 근로자에 대한 규정이 명확하지 않고, 최저임금의 1.5배 이하 범위로 설정된 임금수준의 적절성에 대해서도 검토가 필요함\n- 모집단 설정과 더불어 표본추출 방식, 표본의 크기, 가중치 등 표본에 대한 설계도 기존 연구에서 제시된 바 있음\n○ 이에 본 연구에서는 모집단 설정, 표본설계 등과 관련하여 제시된 개선안의 적절성을 점검하되, 특히 조사대상인 ‘저임금 근로자’의 설정기준과 관련한 다양한 분석을 통해 합리적인 조사대상 모집단 설정을 도모하고 통계의품질 개선에 기여하고자 함\n2. 연구내용\n○ 기존 연구에서 제시된 「최저임금 적용효과에 관한 실태조사」의 통계품질 개선방안 고찰\n- 「최저임금 적용효과에 관한 실태조사」 개선방안 연구(2020)\n- 「최저임금 적용효과에 관한 실태조사」 표본설계 및 추정방안 연구(2021)\n○ 조사 모집단(조사대상 저임금 근로자)설정 기준 연구\n- 최저임금(인상)의 임금격차(불평등)완화 효과에 대한 기존 연구 분석\n- 최저임금(인상)이 고용에 미치는 영향에 대한 기존 연구 분석\n- 임금분포 상 어떠한(저임금)근로자 집단이 최저임금(인상)에 영향받는지 파악\n○ 표본설계 개선안 진단\n- 표본추출틀\n- 표본배분\n- 표본 크기\n- 가중치 부여\n- 층화\n○ 조사체계의 변경에 따른 문제점 점검 및 개선안 연구\n- 지방관서 근로감독관과 기간제 조사원의 현장조사 → 지방관서 근로감독관과 전문 조사업체에 의한 현장조사\n- 담당업무에 있어 근로감독관과 전문 조사업체 간 역할 조정\n3. 연구방법\n○ 「최저임금 적용효과에 관한 실태조사」의 통계품질 개선 관련 기존 문헌 고찰\n○ 조사대상 저임금 근로자 설정 기준 연구\n- 저임금 근로자의 정의 및 실증연구\n- 최저임금(인상)적용 임금분포 분석\n- 중위임금 대비 최저임금의 배율 추이 분석\n- 최저임금 인상의 영향을 받는 임금분위 분석\n- 전문가 자문\n○ 표본설계 개선안 진단\n- 기존 품질개선 연구에서 제시된 표본설계 관련 개선안의 적절성 진단\n○ 조사체계의 변경에 따른 문제점 점검 및 개선안 연구\n- 조사 담당자, 자료 분석 담당자 등 면담 조사\n제2장 선행 연구 검토\n1. 현행 최저임금 적용효과에 관한 실태조사의 틀\n1.1 조사체계\n○ 현행 최저임금 적용효과에 관한 실태조사(이하 실태조사)는 지방관서의 근로감독관의 주관 하에 임시 조사원들에 의해 현장 조사되고 있으며, 전산입력 및 처리, 그리고 결과분석 및 보고는 연구기관에서 수행\n1.2 조사 모집단\n○ 조사 모집단은 상용근로자 300인 미만의 사업체 중 최저임금액의 1.5배 이하를 받는 근로자와 이들을 고용하는 사업주임\n1.3 표본추출틀\n○ 고용형태별 근로실태조사와 사업체노동실태현황조사를 활용한 2중 추출\n- 고용형태별 근로실태조사로부터 산업·규모별 저임금 근로자 분포 정보를 추출한 후 사업체노동실태현황조사에 적용하여 조사대상 사업체 추출\n1.4 표본의 크기\n○ 현행 실태조사의(목표)표본의 크기는 사업체의 경우 3,000개이고, 근로자의 경우 이들 사업체에 종사하는 저임금 근로자 10,000명\n○ 2020년의 조사의 경우 추출된 2,857개소의 사업체 표본을 다음과 같은기준에 따라 조사함\n· 4인 이하 : 사업체당 최대 4명\n· 5 ~ 9인 : 사업체당 최대 5명\n· 10 ~ 99인 : 사업체당 최대 7명\n· 100 ~ 299인 : 사업체당 최대 10명\n1.5 층화\n○ 산업대분류 기준 10개 업종과 종사자 규모를 기준으로 한 6개 집단의교차 셀로 층화가 이루어짐\n- 10개 업종에는 제조업, 도매 및 소매업; 운수업; 숙박 및 음식점업; 부동산 및 임대업; 사업시설관리 및 사업지원 서비스업; 교육 서비스업; 보건업 및 사회복지서비스업; 예술, 스포츠 및 여가 관련 서비스업; 협회 및 단체, 수리 및 기타 개인서비스업 등이 포함됨\n- 사업체 규모는 상용근로자 수를 기준으로 0인, 1~4인, 5~9인, 10~29인, 30~99인, 100~299인 등의 6개로 분류됨\n1.6 표본배분\n○ 현행 실태조사 표본배분 방식은 단순 비례배분에 기초하고 있음\n1.7 공표범위\n○ 실태조사에서 제공되고 있는 통계표는 산업별(10개)및 규모별(6개)로작성되고 있으며, 원자료는 공개되지 않고 있음\n1.8 가중치\n○ 현행 실태조사는 모집단 설정이 불명확하여 가중치 적용이 불가한 상황임\n- 즉, 현행 방식에서는 저임금 근로자를 고용하는 사업체의 전체 명부가 존재하기 않기 때문에 모집단 추정을 위한 가중치 적용이 불가능함\n1.9 조사항목\n○ 최저임금액의 1.5배 이하를 받는 근로자와 이들을 고용하는 사업주 각각에 대해 각 20문항 내외 조사\n- 공통 조사내용:\n최저임금 인상률의 적정성 여부 및 판단기준, 내년도 최저임금 인상률 수준 등\n- 사용자 조사내용:\n사업체특성, 경영여건(매출액 등), 근로자특성별 고용규모, 최저임금으로 인한고용조정 여부, 고용사유, 임금인상에 미친 영향, 임금대비 생산성 수준 등\n- 근로자 조사내용 :\n인적속성(성, 연령, 학력, 직종 등), 가구특성(가구원수), 고용형태, 현 직장의 임금 등\n2. 표본설계의 특징\n○ 저임금 근로자를 고용하고 있는 사업체를 모집단으로 구성하여 표본추출을 하여야 하나, 이러한 추출틀은 존재하지 않으며, 만일 전체 사업체를대상으로 확률추출법을 적용하는 경우 다음과 같은 문제점이 발생\n- 조사대상 중 저임금 근로자 고용 사업체는 일부만 파악되어 조사의 효율성이 저하됨\n- 저임금 근로자 고용 사업체는 산업대분류와 사업체 규모에 따라 치우치는 경향이 있는데 과도한 조사비용이 소요될 수 있음\n○ 차선책으로 저임금 근로자들을 고용하고 있는 사업체에 대한 대략적인모집단틀을 구성하여 표본추출을 할 수 있으나 이 경우 조사의 효율성은 다소 높아지지만, 여전히 산업대분류와 사업체 규모의 분포를 반영하지못하는 조사결과를 얻게 됨\n- 이러한 조사상의 어려움을 줄이고자 고용노동부의 「사업체노동실태현황」 자료와 「고용형태별 근로실태조사」 자료를 근거로 하여 모집단 현황을 파악하고, 이로부터 산업대분류와 사업체 규모에 따른 표본 수를 결정함\n- 이 때 산업분류는 산업대분류 기준으로 상위(사업체 수)10개 영역으로 하고, 사업체 규모는 299인 이하인 사업체를 대상으로 하여 6개 규모로 함\n3. 선행 연구 검토 및 선행 연구에서 제시된 주요 항목별 개선안\n3.1 선행 연구 검토\n3.1.1 최저임금 적용효과에 관한 실태조사 개선방안 연구(2020)\n1)표본설계의 대표성 확보\n○ 표본설계에서 모집단(조사대상)의 설정\n- 「최저임금 적용효과에 관한 실태조사」 모집단(조사대상)의 최저임금 적용 효과 평가에의 적절성에 대한 전문가들의 평가는 다음과 같음\n- 현행 유지: 저임금 근로자를 특정하고 모집단으로 구성한 것은 적절함. 다만 모집단의 개념과 관련하여 목표모집단과 조사모집단에 대한 명확한 정의 기술 필요\n○ 조사대상 업종 및 대상 확대\n- 조사대상 업종의 확대: 저임금 근로자가 집중된 산업에서 저임금 근로자가 집중된 사업체를 선정하여 해당 산업 및 사업체의 저임금 근로자와 사용자에게 설문을 진행하는 현행 방식으로, 조사 결과에서의 저임금 근로자의 특성은 경제 전체에서의 최저임금 수급자와 차이가 있음. 본 조사의 결과를 전국 단위로 적용되는 최저임금의 심의자료로 활용하기 위해서는 전체 산업별, 사업체 규모별, 사업체 수 및 피고용인의 수를 고려하여 표본설계후, 저임금 근로자가 있는 사업장에 대해 진행하되, 저임금 근로자가 없는 사업장의경우 없다는 것을 표본에 대한 기초통계에 제시\n- ‘영세·소규모 사업장에 대한 영향 분석’ 혹은 ‘전체 사업장에 대한 영향 분석’으로 목적을 구분하고, 그에 맞는 모집단의 범위 설정 필요\n- 본 조사를 가능한 전체 업종별 규모별 분포를 볼 수 있도록 할 경우, 저임금 근로자가 충분히 표집될 수 있도록 하려면, 표본규모가 커져야 하는 등의 문제가 예상되므로 ① 일반국민 인식조사 ② 사업주 및 근로자 심층면접조사 ③ 근로자 임금실태조사 등의 부가조사를 통해 결과 보완 필요\n2)표본 규모의 적절성\n○ 「최저임금 적용효과에 관한 실태조사」의 표본 규모 및 표본 할당의 적절성에 대한 전문가들의 평가는 다음과 같음\n- 통계적으로 최소한의 신뢰성이 보장되는 규모로 표본확보(각 셀별 최소 32개 표본), 최소 2,000에서 최대 4,000개소 정도의 사업체에 대해서 설문 진행. 이 경우 시간 및 조사 비용 발생으로 60×32=1,920인 2,000여개소 정도를 추출\n- 조사대상 업종을 전산업으로 확대. 사업체 규모도 현재 1~4인에 집중하기 보다는 좀 더 다양한 사업체 규모의 표본 확대\n- 사업체 규모 100~299인은 늘 통계적 유의성 문제에 걸림. 표본을 약간 늘리고, 사후 가중치로 조정\n- 산업별 최소 표본(총합 기준)을 100개 이상으로 하고, 30인 이상 사업체에 대한 표본 수 확대. 분석 항목을 30~99인과 100~299인으로 구분하기보다 30인 이상으로 분류하는 방안도 의미가 있을 것임\n- 본 조사의 결과는 세부 셀의 사례수의 한계로 일반화 어려움. 따라서 사업체는 산업대분류별, 근로자 규모별로 분석 가능한 수준으로 근로자는 성별, 연령별, 학력별, 소득별, 고용형태별, 직업별, 소속 사업체 산업별 분석 가능한 수준으로확대 필요\n3)표본설계 관련 주요 개선 방향\n○ 저임금 근로자를 특정하고 모집단으로 구성한 것은 적절함. 다만, 모집단의개념과 관련하여 목표모집단과 조사모집단에 대한 명확하게 정의하는 것이 필요\n○ 조사대상 업종 및 대상 확대가 필요함\n○ 조사대상 업종을 전산업으로 확대할 필요가 있으며, 사업체 규모도 현재1~4인에 집중하기보다는 다양한 사업체 규모로 확대됨에 따라 전체표본크기의 확대가 필요함\n3.1.2 최저임금 적용효과에 관한 실태조사 표본설계 및 추정방안 연구(2021)동 연구에서 제안된 표본설계 방안의 주요한 결과를 요약하면 다음과 같음\n1)조사대상 확대\n○ 업종 확대 및 근로자 확대는 최저임금위원회 본 회의에서 최종적으로 결정해야 할 사항이지만 본 조사에서는 현행 10개 산업은 17개 산업으로, 최저임금 근로자를 저임금근로자로 확대하는 방안도 포함하여 검토하였음\n- 저임금근로자를 포함함으로써 사업체별 저임금근로자의 최저임금 적용효과를 파악하고, 저임금근로자와 최저임금 근로자의 비교를 통해 최저임금 적용 효과를 확인할 수 있도록 검토하였음\n2)표본추출틀\n○ 적절한 표본추출틀 확보를 위해 사업체노동실태현황(고용노동부), 기업통계등록부(통계청), 고용보험 DB(한국고용정보원)를 비교하여 최저임금 적용효과 실태조사의 조사 대상에 대한 최신성, 포괄성 및 고용노동부 내 다른 통계와의 정합성 등을 고려하여 사업체노동실태현황 사업체 명부로 설정함\n3)표본크기 결정\n○ 2020년 조사 결과 자료를 활용하여 사업체 수 및 근로자 수의 표본크기를 결정함\n- 사업체 수의 표본크기는 “저임금 종사자 수”, “시간당 임금”에 대한 전국 기준, 업종별 기준, 가중/비가중 등의 추정 결과에 대한 상대표준오차를 이용하여 약3,500개 사업체로 결정함\n- 이는 10개 산업을 17개 산업으로 확대하는 것과 사업체 내 저임금근로자 수의 확보 등을 고려하여 현행 조사의 표본 사업체 수 3,000개보다 500개 사업체를증가한 것임\n○ 사업체 내 조사 대상 근로자 수의 표본크기는 현행과 같이 10,000명을목표로 설정함. 이를 고려하여 본 과제에서는 업종별 및 사업체 규모별추정의 신뢰성 제고를 위해 업종별, 사업체 규모별 확보해야 할 최소 목표표본크기를 제시하였음\n4)층화변수\n〇 2020년 조사 결과 자료를 활용하여 “저임금 종사자 수”, “시간당 임금”, “월평균 임금” 등의 주요 변수를 이용하여 층화변수로 사용한 업종과 종사자규모에 대해 분산분석을 실시하여 현행 표본설계에서 사용하는 업종과종사자 수 규모의 층화변수가 적절함을 확인함\n5)표본배분 방법\n○ 본 과제에서는 기존 10개 업종 및 17개로 업종을 확대할 때의 표본배분을 모두 검토하여 제공하였음\n○ 조사 대상 사업체를 결정할 때 전체 사업체 및 임시일용근로자가 근무하는 사업체를 검토하여 전체 사업체를 기준으로 표본을 배분함\n○ 층화추출법에서 널리 사용하는 기본적인 표본배분방법(비례배분, 제곱근비례배분, 우선할당 후 비례배분)별로 기대표본오차를 산출해 비교하여 제곱근 비례배분방법으로 업종별, 사업체 규모별 표본크기를 배분함\n6)사업체 내 저임금근로자의 표본추출\n○ 사업체 내 저임금 근로자를 추출할 때, 사업체 저임금근로자의 대표성을확보할 수 있는 방안을 마련하기 위해 저임금 근로자 명부가 있는 경우와 없는 경우로 구분하여 근로자 추출 방안을 제안함\n○ 기본적으로 근로자의 성별, 연령대, 직급, 근속연수, 부서 등의 직무분야 등 근로자의 인구통계학적 특성 및 근무 특성을 반영하여 추출하는 방안을 제안하였음\n7)가중치 및 추정식\n○ 새로운 표본설계에서는(최)저임금 근로자가 근무하는 국내 사업체와(최)저임금 근로자의 최저임금 적용효과를 파악할 수 있고, 표본의 대표성을 확보하여 모집단 특성 추정의 추정 오차 최소화를 통해 정확성을 확보할 수 있는 적절한 가중치를 산출하는 방안을 제시하였음\n3.2 선행 연구에서 제시된 주요 항목별 개선안 정리\n3.2.1 조사체계\n○ 지방관서 근로감독관의 주도 하에 조사원들을 통해 조사되고 있는 현행 조사체계는 실사의 전문성과 효율성 제고를 위해 전문 조사업체에 의한 체계적인 조사로 변경할 필요가 있다는 의견이 제시됨(한국조사연구학회, 2020)\n○(개선안)조사업체가 ‘현장조사, 전산입력, 전산처리’를 일괄 수행하고 ‘결과분석’은 연구기관에서 실시\n* 기존 현장조사 담당자(근로감독관)가 전문 조사업체의 지원을 받아 실시할 수 있는 세부 실천 방안 수립 필요\n3.2.2 조사 모집단\n○ 저임금 근로자를 고용하고 있는 상용근로자 300인 미만 사업체의 사업주와 해당 사업체에 종사하고 있는 최저임금액 1.5배 이하 저임금 근로자를 대상으로 조사하는 것이 타당한지에 대해 재검토가 필요함(한국조사연구학회, 2020)\n- 조사대상인 저임금근로자에 대해 최저임금의 1.5배로 설정한 것은 2007년에 설정한 기준(2005년 최저임금 2,840원)이며 현재까지 어어져 옴\n- 최저임금이 2021년 현재 8,720원으로 2005년에 비해 3배 이상 상향된 현 상황에서 똑같이 사용하는 것이 적절한 지 검토 필요\n- 중위임금 대비 최저임금 수준을 보면 최근에는 최저임금이 중위임금의 약 2/3 수준으로 최저임금의 1.5배 = 중위임금으로서 조사대상이전체 근로자의 절반에 해당하는 상황임\n<참고: 용어 정의>\n• 최저임금(액)(minimum wage)\n- 근로자에 대하여 법적으로 보장된 임금의 최저수준\n• 중위임금(median wage)\n- 임금을 가장 낮은 수준부터 가장 높은 수준까지 정렬했을 때 50분위의 위치에 해당하는 임금수준. 즉, 임금분포 상에서 하위 임금자들과 상위 임금자들의 비율이 각각 50%가 되게 하는 임금수준\n3.2.3 표본추출틀\n○ 고용형태별 근로실태조사와 사업체노동실태현황을 활용한 2중 추출 방식은다소 복잡할 뿐만 아니라 시의성도 떨어짐(한국조사연구학회, 2021)\n- 조사대상 선별 시점에서 활용되는 고용형태별 근로실태조사 자료는 이전 연도의 자료가 활용되기 때문에 시의성이 떨어짐\n○(개선안)시의성 있고 표본 규모가 큰 사업체노동실태현황(214만개 표본보유, 매년 갱신)을 표본추출틀로 사용\n3.2.4 표본크기(목표)\n○ 상대표준오차를 적용하여 분석하거나 모집단 사업체수 비례 기준의 가중값을 부여할 경우 사업체 부문 조사의 적정 표본 크기는 3,500개로 파악됨(한국조사연구학회, 2021)\n○(개선안)사업체 3,500개; 근로자 10,000명\n3.2.5 층화\n○ 현행 실태조사에서 조사 대상이 되는 10개의 산업 분류는 2007년에 조사된고용형태별 근로실태조사 결과에 기반한 것이어서 15년 정도가 지난 현 시점에서 과연 그러한 조사 대상 산업분류가 여전히 유효한지 검토가 필요함(한국조사연구학회, 2020)\n○(개선안)종사자 규모는 기존과 동일하게 6개 범주로 유지하되, 업종은17개로 확대\n3.2.6 표본배분\n○ 현행 단순 비례배분 방식은 통계작성이나 추정에 있어 간편하다는 장점이 있으나, 크기가 작은 층에 표본이 작게 배분되어 층별 표본오차 관리가어렵다는 단점이 있음\n○(개선안)층별 통계작성이 용이한 제곱근 비례배분 방식의 표본배분\n3.2.7 가중치\n○ 현행 실태조사에서는 표본에 대해 가중치를 적용하지 않아 전체 모집단에 대한 추정이 불가능함\n○(개선안)표본배분표와 조사완료된 표본사업체의 분포의 차이가 발생하므로 산업대분류 및 사업체 규모의 분포를 반영하기 위해 가중치를 적용(한국조사연구학회, 2021)\n제3장 조사대상 선정기준의 적절성 검토를 위한 논의\n○'최저임금 적용효과에 관한 실태조사'에서는 조사대상을 저임금 근로자로 설정하고 있으며, 조사대상 저임금 근로자는 ‘최저임금액의 1.5배 이하의 임금 근로자’로 명시하고 있음\n○ 이러한 선정 기준은 조사가 시작된 2007년도의 임금분포(고용형태별 근로실태조사)에 근거하고 있으며, 당시의 기준으로는 이러한 조사대상 저임금근로자의 범위가 충분히 설득력이 있었으나, 상당 시간이 흐른 현재에도 이러한 기준이 합리적이고 타당한지에 대해서는 검토가 필요함\n○ 이번 장에서는 조사대상 선정기준의 적절성을 검토하고 조사대상 선정기준을 명확히 하는데 도움을 줄 수 있는 다양한 실증적 결과들을 살펴봄\n1. 저임금 근로자의 정의\n○ 저임금(low wage 또는 low pay)의 개념은 크게 ‘절대적’ 저임금과 ‘상대적’ 저임금으로 분류될 수 있으나, 통상적으로 저임금이라 함은 상대적 저임금을 의미함(<|start|>#@이름1#<|end|>, 2014;<|start|>#@이름2#<|end|>, 2011;<|start|>#@이름3#<|end|>, 2005)\n- 절대적 저임금은 ‘최소한의 일상생활을 위해 필요한 재화와 서비스를 구매할 수 있는 수준 이하의 임금’으로서 최저생계비, 빈곤선 등 특정 임금 수준 이하의 임금으로 측정되며, 나라마다 서로 그 수준이 달라 국가간 비교가 어려움\n- 다만, 절대적 저임금 근로자 비중의 국제비교를 위해 편의상 p10(하위 10분위 임금)지표가 활용됨\n- 상대적 저임금은 OECD 등 대부분의 국제기구에서 ‘중위임금(median wage)의 2/3 이하의 임금’으로 정의되며 국가간 비교 시 통상적인 저임금 근로자 선정기준으로 활용되고 있음\n- 저임금 근로자와 관련된 거의 모든 국내 연구들은 OECD의 상대적 저임금 개념을 활용하고 있음(<|start|>#@이름4#<|end|>, 2011;<|start|>#@이름5#<|end|>, 2014;<|start|>#@이름6#<|end|>, 2005; 현대경제연구원, 2014; 경기도가족여성연구원, 2016;<|start|>#@이름7#<|end|>, 2015;<|start|>#@이름8#<|end|>, 2018;<|start|>#@이름9#<|end|>, 2019;<|start|>#@이름10#<|end|>, 2011;<|start|>#@이름11#<|end|>, 2011 등)\n- OECD(OECD Data)에서는 임금 수준을 기준으로 저임금(low pay)근로자 비중과 고임금(high pay)근로자 비중으로 구분하여 국제비교 통계를 제공하고 있으며, 여기서 저임금은 중위임금의 2/3 이하, 고임금은 중위임금의 1.5배 이상의 임금으로 정의됨\n○'최저임금 적용효과에 관한 실태조사'에서의 저임금근로자는 최저임금의 1.5배 이하의 임금근로자로 정의되고 있어 통상적인 개념에서의 저임금근로자 개념과 다름\n- 동 조사에서의 저임금 근로자의 정의는 동 조사의 조사목적과 조사의 편의성을 고려한 측면이 큼\n2. 최저임금 등 임금분포와 조사대상\n○ 최저임금과 비교되는 시급 임금분포와 최저임금의 중위임금에 대비한 상대적 수준 추이는'최저임금 적용효과에 관한 실태조사'의 조사대상 선정기준이 현재 시점에서도 적절한지 판단하는 데 유용한 역할을 할 수 있음\n- 최저임금과 비교되는 시급은 최저임금에 산입되는 개별 임금항목, 법정유급시간까지 포함한 근로시간 등에 대한 조사상의 제약으로, 최저임금위원회의 최저임금 심의에서 활용되는 공식자료에서는 다음과 같이 집계함\n- 경제활동인구 부가조사를 분석한 자료에서는 시급 = 월평균 임금총액 / 월 평소 근로시간(=주당 평소근로시간×(30.4/7)\n- 고용형태별 근로실태조사를 분석한 자료에서는 시급 = 월 통상임금 / 월 소정실 근로시간. 여기서 통상임금 = 기본급 + 통상적 수당\n○ 우선, 경제활동인구 부가조사를 분석한 자료에서 최저임금의 중위임금에 대비한 상대적 수준은 최소 48.4%(2007년)~ 최대 67.2%(2019년)평균 55.1%\n- 기존 조사대상인 최저임금 1.5배 미만 근로자 비율은 최소 30.7%(2008년)~ 최대 50.2%(2019년)평균 37.3%. 최근에 보다 높아짐\n- 기존 조사대상인 기준인 최저임금 1.5배의 중위임금에 대한 상대적 수준은 최소 72.5%(2007년)~ 최대 100.7%(2019년)평균 82.7%. 최근에 보다 높아짐\n- 참고로 상대적 저임금 즉 중위임금의 2/3미만 근로자 비율은 최소 15.8%(2019년)~ 최대 27.4%(2007년)평균 22.9%. 최근에 보다 낮아짐. 중위임금 연평균 상승률은 4.6%로 최저임금 상승률 6.8%에 비하여 낮음\n○ 다음으로, 고용형태별 근로실태조사를 이용한 분석에서 최저임금의 중위임금에 대비한 상대적 수준은 최소 46.0%(2008년)~최대 64.6%(2019년)이며, 평균은 52.8%\n- 기존 조사대상인 최저임금 1.5배 미만 근로자 비율은 최소 27.1%(2008년)~최대 47.4%(2020년)평균 33.9%. 최근에 보다 높아짐\n- 기존 조사대상인 기준인 최저임금 1.5배의 중위임금에 대한 상대적 수준은 최소 69.0%(2008년)~최대 96.9%(2019년)평균 79.2%. 최근에 보다 높아짐\n- 참고로 상대적 저임금 즉 중위임금의 2/3미만 근로자 비율은 최소 7.1%(2020년)~최대 25.5%(2007년)평균 22.9%. 최근에 보다 낮아짐. 중위임금 연평균 상승률은 4.3%로 최저임금 상승률 6.8%에 비하여 낮음\n○ 전반적으로 기존 조사대상인 최저임금 1.5배 미만 근로자 비율이 이전과는달리 특히 최근에는 거의 50%에 근접하고 있음. 이는 최근에 최저임금의 1.5배가 중위임금에 근접한데 기인하고, 조사대상이 확대되어 왔음을 시사함\n- 그러나 본 조사가 시행된 2007년 이후 2021년까지 조사대상인 최저임금 1.5배 미만 근로자 비율은 ‘평균적으로’ 경제활동인구 부가조사에서는 37.3%, 고용형태별 근로실태조사에서는 33.9%임\n3. 최저임금의 적용 대상 및 임금·고용에 미치는 효과 분석\n○ 최저임금제도는 근로자들에게 임금의 최저수준을 보장하도록 하고 이를 통해, 저임금 해소, 임금격차 완화, 소득분배 개선 등의 효과를 도모하도록 하고 있음\n- 최저임금제도는 ‘국가가 노·사간의 임금결정과정에 개입하여 임금의 최저수준을 정하고, 사용자에게 이 수준 이상의 임금을 지급하도록 법으로 강제함으로써 저임금근로자를 보호하는 제도’(최저임금위원회, <|start|>#@기타1#<|end|>)\n- 최저임금법 제1조에 따르면 최저임금제는 근로자에 대하여 임금의 최저수준을 보장하여 근로자의 생활안정과 노동력의 질적 향상을 꾀함으로써 국민경제의 건전한 발전에 이바지하게 함을 목적으로 함\n- 최저임금제의 실시는 최저임금액 미만의 임금을 받고 있는 근로자의 임금이 최저임금액 이상 수준으로 인상되어 다음의 효과를 수반(최저임금위원회, <|start|>#@기타1#<|end|>)\n① 저임금 해소로 임금격차가 완화되고 소득분배 개선에 기여\n② 근로자에게 일정한 수준 이상의 생계를 보장해 줌으로써 근로자의 생활을 안정시키고 근로자의 사기를 올려주어 노동생산성이 향상\n③ 저임금을 바탕으로 한 경쟁방식을 지양하고 적정한 임금을 지급토록 하여 공정한 경쟁을 촉진하고 경영합리화를 기함\n○ 최저임금(인상)은, 노동시장이 수요독점(monopsony)적인 특수한 상황을제외하고는, 고용의 감소라는 부정적인 효과를 수반할 수 있음\n- 최저임금(인상)이 고용의 양에 어떠한 영향을 미치는지에 대한 실증연구들은 통계적으로 유의한 영향이 존재하지 않거나 통계적으로 유의하게 고용을 감소시킨다는 혼재된 결과들을 제시하고 있지만, 대체적으로 고용에 부정적인 영향을 미친다는 연구들이 상대적으로 더 많음(기존 연구들에 대한 고찰은<|start|>#@이름1#<|end|>(2020)참조)\n○'최저임금 적용효과에 관한 실태조사'의 조사대상 선정기준 설정과 관련하여 중요한 근거를 제공해줄 수 있는 연구는 바로 ‘임금분포 상의 누가’ 최저임금(인상)의 영향을(상대적으로 더 크게)받는지를 분석한 연구들임\n- 최저임금(인상)은 제도의 설계 상 저임금 근로자들의 임금을 상승시켜 임금격차를 완화하는 데 기여할 수 있는 반면, 임금 상승으로 인해 생산비용 상승 압박에 처한 사업체는 이들 저임금 근로자들 중 일부를 해고할 가능성이 있음\n- 과연 임금분포 상 어떤 범위의 저임금 근로자들의 임금이 상대적으로 상승하여 임금격차 해소에 일조하는지, 또 임금분포 상 어떤 범위의 저임금 근로자들이 고용 측면에서 영향 하에 놓이게 되는지를 살펴보면 실태조사의 조사대상 근로자 선정기준을 명확히 하는 데 큰 시사점을 얻을 수 있음\n○ 본 장에서는 최저임금(인상)이 임금불평등(또는 격차)과 고용에 미치는영향을 임금분포를 기준으로 분석한 연구들을 소개함\n○ 이상의 분석결과를 종합하면 최저임금 인상은 최저임금 상위 계층의임금수준도 높이고, 임금분포도 압축시킴\n- 최저임금 인상은 직접적으로 영향을 받는(spike effect)최저임금 계층의 근로자 뿐만 아니라 간접적으로 영향을 받는(spillover effect)직상위 나아가 상위계층 근로자의임금수준에도 명백히 양(+)의 영향을 미치고 있음\n- 또한 최저임금 인상은 임금분위수배율의 변화에서도 관찰되는데, 최저임금의 인상은 임금분포를 압축시키고 있음\n○ 분석 결과\n- 최저임금 인상이(총액 기준)임금격차를 오히려 악화시킴: 중위임금 아래에서는 임금격차가 통계적으로 유의하게 음(- )이고, 중위임금 위에서는 통계적으로 유의하게 양(+)의 부호를 가짐\n- 이유는 근로시간 변화의 영향 때문: 즉, 최저임금 인상이 저임금 근로자의 임금 상승을 상쇄하는 것 이상으로 근로시간을 상대적으로 더 감소시킴에 따라 임금총액 기준 임금격차가 증가함\n- 특히 근로시간(고용의 양으로도 해석될 수 있음)의 감소가 하위 임금분위(특히 20% 이하)에서 더 크게 나타남\n○ 전반적인 결과의 시사점\n- 최저임금(인상)으로 인해 중위임금 이하의 근로자의 고용(근로시간)이 상대적으로 더 크게 감소함\n- 연도마다 결과가 상당히 차이가 있으나, 평균값을 기준으로 살펴보면, 3구간까지, 즉 최저임금이 위치한 기준 임금구간보다 1,500원이 더 많은 임금구간까지는근로자의 비중이 전년에 비해 감소함\n- 분석기간(2008~2018)동안 실질 최저임금의 평균이 5,271.1원임을 감안하면 이러한 결과는 최저임금 대비 1.28배(=(5,271.1+1,500)/5,271.1)정도의 임금분포까지는 고용이 감소하였다는 것으로 해석할 수 있음\n○ 전반적인 결과의 시사점\n- 최저임금(인상)으로 인해 최저임금의 1.3배 이하의 저임금 근로자들의 고용이 감소함\n제4장 표본설계 개선(안)검토\n1. 모집단 및 표본추출틀 설정: 조사대상 선정의 문제\n〇 「최저임금 적용효과에 관한 실태조사」의 모집단은 저임금 근로자를 고용하고 있는 사업체이며, 이와 같은 모집단에 대한 표본추출틀은 존재하지 않음\n- 이 조사를 위해 고용노동부의 사업체 추출틀인 「사업체 노동실태현황」으로부터 표본사업체를 추출하면 표본사업체 중 저임금 근로자 고용 사업체는 일부이며, 이와 같은 표본추출 방식을 적용하면 조사의 효율성이 저하됨\n- 저임금 근로자를 고용한 사업체는 산업대분류와 사업체 규모에 따라 치우쳐 분포하게 되는데 이와 같은 모집단의 특성을 반영할 수 있는 표본추출 방안이 요구됨\n〇 현행 조사에서 「고용형태별 근로실태조사」 결과의 표본사업체로부터조사대상 사업체를 추출한 것은 사전 정보로 임금정보를 활용함으로써저임금 근로자를 고용하고 있는 사업체를 효과적으로 파악하여 조사하기위한 목적임\n- 표본사업체에 대한 중복조사에 따른 응답부담이 있지만, 제한된 예산과 표본크기 하에서 이상추출법(two- phase sampling)방법을 이용한 효율적인 표본 설계 방안으로 볼 수 있음\n〇 「최저임금 적용효과에 관한 실태조사」의 모집단을 저임금 근로자를 고용하고 있는 사업체로 국한하지 않고, 전체 사업체로 확대하는 방안을 고려할 수 있음\n- 이 조사의 모집단을 전체 사업체를 대상으로 확대하는 것은 저임금 근로자가 있는 사업체와 그렇지 않은 사업체를 비교할 수 있다는 장점이 있고, 표본추출틀로고용노동부의 「사업체 노동실태현황」을 활용할 수 있을 것임\n- 이 조사의 모집단을 저임금 근로자를 고용하고 있는 사업체로 국한할 것인지 여부는 조사결과의 정책적인 활용 목적에 따라 결정될 수 있을 것이며, 이 조사를 위한 표본설계는 정책적인 판단에 따라 결정된 모집단 정의를 반영하여 수정될 수 있을 것임\n〇 이 조사의 모집단을 저임금 근로자를 고용하고 있는 사업체로 국한하는경우라면 「고용형태별 근로실태조사」 결과를 분석함으로써 저임금 근로자가 주로 분포하고 있는 업종이나 사업체 규모 등에 대한 파악이 가능할 것이며, 이를 표본설계에 반영하여 업종별 표본크기를 결정하여 표본배분 방안을결정한다면 좀 더 효율적인 조사가 가능할 수 있을 것임\n- 이 조사의 모집단을 저임금 근로자가 있는 사업체로 국한하는 경우에 핵심적인 이슈는 저임금 근로자를 어떻게 정의할 것인가의 문제임\n2. 조사대상 업종 및 사업체 규모 범위 확대\n〇 현행 「최저임금 적용효과에 관한 실태조사」의 모집단은 저임금 근로자의고용 비중이 높은 업종(C, G, H, I, L, N, P, Q, R, S)의 상용근로자 300인 미만의 사업체로 국한하고 있음\n〇 이 조사의 모집단을 저임금 근로자를 고용하고 있는 사업체로 국한하는경우라도 현행 조사대상 업종과 사업체 규모를 전체 사업체로 확대할것인가의 문제는 추가로 검토해야 할 사항임. 원칙적으로 보면 조사대상업종과 사업체 규모의 확대가 필요할 것으로 판단되며, 업종과 규모를확대하기 위해서는 전체 표본크기 확대도 필요할 것임\n- 현행 표본설계에서 조사대상 업종과 사업체 규모를 제한한 것은 제한된 예산 하에서 효율적인 조사를 위해서 저임금 근로자의 비중이 높은 업종과 사업체규모를 중심으로 선정된 것임\n- 조사대상 사업체의 업종을 현행 조사와 마찬가지로 제한을 둘 것인지, 상용근로자 300인 미만의 규모로 제한을 둘 것인가의 문제에 대해서도 정책적인 판단이필요할 것임\n3. 표본크기, 층화, 표본배분, 가중치 산출 및 추정 관련\n○ 「최저임금 적용효과 실태조사」의 주요 조사 결과는 통계청 KOSIS를 통해 일부 문항에 대해 결과표를 제공하고 있음\n〇 이 조사의 통계작성 단위는 산업대분류 구분과 사업체 규모 구분임. 따라서조사대상 업종과 사업체 규모가 늘어나면 전체 표본크기가 늘어나는 것은 불가피할 것임\n- 업종별 통계작성이 필요하고 주요 공표항목이 모비율 추정이라는 점을 고려할 때 업종별 표본크기를 결정하는 것이 바람직할 것으로 판단됨\n〇 층화에 사용되는 변수로 업종 및 사업체 규모 구분을 사용할 수 있으며, 각 업종 내에서 사업체 규모별 표본배분 방법으로 제곱근 비례배분법을 적용하는 것은 타당한 것으로 판단됨\n- 각 업종 내에서 사업체 규모 구분에 대해서 제곱근 비례배분법을 적용함으로써 사업체 규모별 추정결과의 안정성을 높일 수 있을 것임\n〇 모집단 특성 추정의 정확성을 확보할 수 있는 적절한 가중치를 산출하여추정에 활용하는 방안은 적합함\n- 사업체 기준의 가중치와 근로자 기준의 가중치를 각각 산출하여 해당 조사항목에 대해서 가중치를 적용한 추정법을 적용하는 것이 바람직할 것으로 판단됨\n2)질문내용\n〇 최저임금 적용으로 인한 변화(고용, 이윤 등)를 질문하는 경우, 최저임금적용으로 인한 결과를 구별하기 어려움\n〇 ‘귀사’에 해당하는 질문과 ‘국가 전반적인 경영’에 해당하는 질문을 혼동하지 않도록 표현 제시 필요\n↳ ‘귀사’에 해당하는 질문은 질문표현에 ‘귀사에서는’ 등의 표현 명시\n2. 조사체계 변경안 검토\n2.1 현 조사체계 적정성 검토\n〇 49개 지방관서에서 실시계획 수립, 조사원 채용·교육·관리, 현장조사관리를 각각 수행하여 행정부담 과중 및 업무량, 조사의 정확성 측면에서 지역별 편차가 발생\n- 표본배분에 따라 지방관서별 업무부담 편차 발생(’21년 기준 최소 6개소, 최대 172개소)\n- 자료수집 결과 지방관서별 할당된 표본 대비 실제 회수된 조사표가 많은 지청이 ’20년 13개, ’21년 16개로 표본대체 지침을 미준수하고 있는 것으로 확인됨\n· 조사지침서에 따르면 저임금 근로자가 없거나 불응·불능으로 조사 불가능할 경우에 표본대체가 이루어져야 하므로, 조사성공 표본은 목표표본보다 작거나 같아야 함\n· 예비표본이 아닌 현장에서 섭외하여 조사한 표본으로의 표본대체는 조사자의 편의에 의해 조사된 표본이므로 대표성이 없음\n- 최근 3년 근로자조사의 목표 표본(10,000명)대비 회수 표본 평균 비율이 55.7%로 낮은편인데도 불구하고 회수한 조사표 중 분석 불가능한 조사표가 발생(11.3%)\n· 현장조사 후 별도 기관에서 전산입력, 전산처리를 시간을 두고 각각 따로 실시하여 응답의 정확성이나 성실도를 제대로 확인하기 어렵고 누락값에 대한 보완조사나 재조사도 잘 이루어지지 않음\n○(개선안)조사의 정확성을 높이기 위해 조사 관리를 철저히 하고 응답률을 높이기 위하여 아래와 같은 조사체계 개선이 필요\n- (행정 절차 간소화)각 지방관서별 각각 실시하는 계획수립, 조사원 채용·교육을 조사총괄 기관에서 일괄적으로 수행\n- (조사 효율화)근로감독관 업무 경감 및 체계적이고 일관적인 조사를 위해 근로감독관은 조사 진척률 관리 및 불응 사업체 조사 지원 업무를 담당하고, 전문 조사기관은 조사지침을 준수하여 현장조사를 실시하면서 응답률 제고를 위해 조사대상을 여러 번 접촉 필요(최소 2회 이상 방문, 조사관리자·담당공무원과 협력)\n· 전문 조사기관에서는 조사표 회수 후 바로 전산입력, 내용검토, 전산처리하고 필요시 보완조사를 실시하여 항목 무응답 및 분석 불가능 조사표를 최소화\n· 단, 이 경우 통계작성기관은 ‘통계청 훈령 제527호, 통계조사 민간위탁 관리 지침’에 따라 조사기관으로부터 조사원 교육 관련 사항(지침서, 사례집 등), 조사표 원본, 조사결과 원자료, 마이크로데이터 등 조사결과를 제출받아 관리하여야 함\n2.2 조사지침서 개선\n1)조사대상 근로자 선정 기준\n〇 조사 우선순위에 대한 기준이 모호하여 같은 사업체를 조사하더라도 조사원에 따라 다른 조사대상을 조사할 가능성이 높음\n- 고용형태별 근로실태조사 원자료(2020년 조사자료)에서도 개별 사업체별로 최저임금(8,590원)의 1.5배 이하에 해당하는 근로자의 수는 평균 7.88명으로 나타났고, 전반적으로 규모가 클수록 저임금 근로자 수가 많은 것으로 나타남\n〇(개선안)최저임금을 받는 평균 근로자 수는 상용 근로자 수 30~99명, 100~299명 구간에 많이 분포하므로 10~99명 구간을 10~29명, 30~99명으로 세분화한 후 30~299명 구간의 선정 가능한 근로자 수를 증가시키는 것을 검토하고 명확한 조사 우선순위 기준을 설정\n2)표본대체 지침\n〇 해당 표본은 산업대분류 및 사업체 규모로 층화되어 있으므로 표본대체는 동일한 층 내에서만 이루어져야 하나, 조사지침서 내에 수록된 표본 대체요령에서 다른 층과 표본 대체(3)를 하거나, 조사자가 임의로 표본추출틀외의 사업체 표본을 선정하도록 안내(4)하고 있어 조사된 표본의 모집단에 대한 대표성 문제가 발생함\n○(개선안)원표본 외 대체 표본을 준비하여 단위 무응답 발생 시 명확한 표본대체지침에 따라 표본 대체하여 조사\n- 원표본과 층화변수(산업대분류, 사업체 규모)및 정렬변수(시도, 시군구 등)가 동일하면서 가장 가까운 표본 활용\n- 표본 명부에서 대체 전 사업체에 대체유형에 해당하는 코드(전입, 휴업, 폐업, 소재불명, 대상외, 중복, 합병, 응답불응, 기타 등)를 입력하고 대체 후 명부에 몇 번째 대체 표본인지 표시\n- 조사 대상이 계속 응답을 거부하는 경우, 조사관리자·담당 공무원에게 보고하고, 최소 2회 이상 통화·방문하여 설득(조사관리자, 담당 공무원과 협력)\n* 응답회피, 상습적‧고의적 응답지연, 전화통화 회피(3회 이상)등 묵시적 거부의 경우 지방관서 담당 공무원이 판단하여 불응으로 처리 가능\n- 전체 목표 표본 수 보다는 층별 목표 표본 수를 유지할 수 있도록 표본을 관리\n제6장 결론 및 제언\n1. 조사대상 저임금 근로자의 포괄 범위\n○ 조사대상 저임금 근로자의 포괄 범위를 어떻게 설정하느냐에 대한 하나의 유일한 정답은 없음\n- 그 이유는 조사대상 저임금 근로자의 포괄 범위 설정을 위한 이론이나 특별한 방법이 정해져 있는 것도 아니고, 범위 설정에 대해서는 관련되어 있는 이해관계자 집단(stakeholder)마다 서로 다른 입장과 견해를 가지고 있기 때문임\n○ 합리적인 포괄 범위 설정을 위해서는 범위 설정의 기준 또는 원칙을 세우고, 실증적인 분석 결과들을 참고하여 방안들을 마련하고, 각 대안들의 장단점들을 종합적으로 고려한 후 조사의 목적에 부합하는 가장 현실적으로 선호되는 방안을 찾아내는 과정이 필요함\n1.1 조사대상 저임금 근로자 포괄 범위 설정의 네 가지 기준\n○ 객관성\n- 일반적으로 통용·수용될 수 있어야 하며, 국제적 비교가 가능하도록 설정되어야 함\n○ 일관성(시계열적 안정성)\n- 시기 간 비교가 가능하도록 일관되게 설정되어야 함\n○ 목적 부합성\n- 조사의 특수한 목적에 부합하도록 설정되어야 함\n- 누가 최저임금(인상)의 영향을 받는 집단인가?\n○ 조사의 용이성\n- 조사 표본이 수월하게 확보될 수 있도록 설정되어야 함\n⇒ 각 기준들이 서로 상충될 수도 있음: 예를 들어, 국제적으로 통용되는 저임금근로자의 개념은 중위임금의 2/3 이하 임금근로자이지만(객관성 만족), 현재우리나라 상황에서는 최저임금이 중위임금의 2/3 수준에 도달한 상태이기 때문에 국제기준을 따를 경우 조사의 목적에 부합하는 조사대상을 충분히 포괄하지 못할 가능성이 있으며, 통계의 시계열적 안정성을 유지하지 못하게 됨\n1.2 조사대상 저임금 근로자 선정기준(안)\n1)제1안: 현행 유지 – 최저임금액의 1.5배 이하 근로자\n○ 근거\n- 현재까지 활용되어 왔던 기준 유지\n○ 장점\n- 통계의 시계열적 안정성을 확보할 수 있다는 점이 최대 장점임\n- 지금까지의 조사 경험을 활용할 수 있음\n○ 단점\n- 최저임금액의 1.5배가 중위임금에 가까워진 상황에서 최저임금액의 1.5배 근처의 임금근로자들이 과연 저임금 근로자에 부합하는 근로자인지에 대해서는 이견이제기될 수 있음\n- 조사대상 근로자의 포괄 범위를 최저임금과 연동시킬 경우 최저임금이 급격하게 변동하게 되면 조사대상 근로자의 포괄 범위도 크게 변동하게 되며, 최저임금의 1.5배가 중위임금을 넘을 가능성도 배제할 수 없음\n2)제2안: 중위임금(P50)이하 근로자\n○ 근거\n- 최저임금(인상)이 중위임금 이하 근로자들의 임금을 상대적으로(더 빠르게)증가시켜 임금격차(소득불평등)해소에 기여할 수 있다는 연구 결과(<|start|>#@이름1#<|end|>·<|start|>#@이름2#<|end|>, 2018;<|start|>#@이름3#<|end|>, 2011)\n- 최저임금이 인상될 경우 중위임금 이하 근로자들의 고용(근로시간으로 측정한)이 상대적으로 더 크게 감소한다는 연구 결과(<|start|>#@이름4#<|end|>·<|start|>#@이름5#<|end|>, 2018)\n○ 장점\n- 중위임금은 임금분포 상의 지표로서 국제적인 비교가 가능한 지표이며, 일반인들에게 쉽게 인식될 수 있는 지표임(즉, 객관성 기준에 부합)\n- 최저임금액과 연동시키는 현행 방식에 비해 통계의 변동성이 낮을 것으로 기대됨\n○ 단점\n- 중위임금 근처의 근로자들이 과연 저임금 근로자 개념에 부합하는지에 대해서는 이견이 제시될 수 있음\n- 최근에는 최저임금의 1.5배와 중위임금 간 격차가 상당히 줄어들긴 하였지만, 아직 완전히 일치하는 것은 아니어서 중위임금 이하 근로자까지 포함하는 방안의 경우 통계의 과거와의 시계열적 일관성을 완벽하게 확보할 수는 없음\n3)제3안: 중위임금의 2/3 이하 근로자\n○ 근거\n- 중위임금의 2/3 이하 근로자는 국제 비교(OECD)에서 널리 활용되고 있는 대표적인 저임금 근로자 개념임\n- 최저임금(인상)으로 인해 고용(근로시간)측면에서 부정적인 효과를 경험할 가능성이 있는 근로자는 최저임금 1.3배 이하의 저임금 근로자라는 연구 결과(<|start|>#@이름1#<|end|>, 2020)\n- 최저임금(인상)의 상대임금(증가)에 대한 효과가 임금분포의 하위 20분위에서 매우 강하게 나타난다는 결과(<|start|>#@이름2#<|end|>·<|start|>#@이름3#<|end|>, 2018)\n- 최저임금(인상)의 고용(근로시간)감소 효과가 임금분포의 하위 20분위에서 매우 강하게 나타난다는 결과(<|start|>#@이름4#<|end|>·<|start|>#@이름5#<|end|>, 2018)\n○ 장점\n- 저임금의 포괄 범위가 임금분포의 하위에서 협소하게 설정되므로 ‘저임금’ 근로자의 개념에 상대적으로 더 부합\n○ 단점\n- 현행 포괄 범위와 저임금의 범위가 상당히 상이하기 때문에 통계의 시계열적 안정성을 확보하기 어려움\n- 조사 모집단의 범위도 현재보다 축소되어 조사대상 표본추출에 어려움이 예상되고, 실제 조사에서도 저임금 근로자라는 ‘낙인효과’ 때문에 단위 무응답 및 항목무응답이 많을 것으로 예상됨\n2. 조사대상 업종 및 사업체 규모\n2.1 조사대상 업종\n○ 저임금 근로자는 모든 업종에서 존재하기 때문에 조사대상 업종을 거의 전업종으로(기존 10개 업종에서 17개 업종으로)대폭 확대하여 다양한 업종의 저임금 근로자들을 아우르는 통계를 작성한다는 취지 자체는 타당함\n○ 다만, 조사대상 업종의 범위를 확대하는 데 있어서는 업종마다 저임금 근로자 규모가 다르기 때문에 저임금 근로자 수가 적은 업종의 경우 조사대상 사업체 추출이나 모집단 추정이 어렵다는 현실적인 제약들을 고려할 필요가 있음\n○ 저임금 근로자의 기준을 달리할 때 업종별로 저임금 근로자의 비중이 어느 정도인지를 보여주고 있는데, 통상적인 저임금근로자 개념(중위임금의 2/3 이하)하에서의 저임금 근로자의 비중은 지난 10년 동안 거의 모든 업종에서 크게 감소한 반면, 중위임금 이하 또는 최저임금액의 1.5배 이하 근로자의 비중은 반대로 상당폭 증가하였음\n- 이는 최저임금의 인상 등으로 인해 우리나라 노동시장에서 임금분포가 지속적으로 압축되어 왔다는 것을 반영해 주는 결과임\n- 중위임금이나 최저임금액의 1.5배를 기준으로 저임금 근로자 비중을 살펴볼 경우 최근에는 업종간 저임금 근로자 비중의 격차가 상당히 줄어들고 있는 추세에 있음\n- 그럼에도 불구하고 기존 연구의 개선안에서 제안된'최저임금 적용효과에 관한 실태조사'의 조사대상 포함 업종에서(음영으로 처리된 업종들)의 경우 여전히 기존 조사대상 업종에 비해 저임금 근로자 비중이 상당히낮음\n○ 저임금 근로자들만을 대상으로 했을 때 이들의 산업분포를 나타낸 것임\n- 전체 저임금 근로자 중 기존 개선안에서 제안된'최저임금 적용효과에 관한 실태 조사'의 조사대상 포함 업종(음영으로 처리된 업종들)에 종사하는 저임금 근로자의 비중은 매우 낮음\n- 예를 들어, 광업, 전기가스업, 폐기물환경 등의 업종에서는 전체 저임금 근로자의 1% 미만이 종사하고 있고, 정보서비스, 금융보험업에 종사하는 저임금 근로자도 각각 전체 저임금 근로자의 2% 미만임\n2.2 조사대상 사업체 규모\n○ 현행 실태조사의 조사대상 사업체는 상용근로자 300인 미만의 사업체이며, 이들을 6개 범주(0인, 1~4인, 5~9인, 10~29인, 30~99인, 100~299인 등)로 나누어 통계를 작성하고 있음\n○ 조사대상 사업체 규모를 어디까지 설정하느냐의 문제 또한 정답이 있는 것은 아니며, 실태조사 초기에 300인 미만의 사업체로 한정한 이유는 다분히 저임금 근로자의 사업체 규모별 분포를 감안한 현실을 고려하여 결정한 것으로 보임\n○ 과연 300인 미만의 사업체로 한정하는 것이 현재에도 여전히 유효한지역시 현재 저임금 근로자의 사업체 규모별 분포와 연관지어 검토되어야 할것임\n○ 2021년 기준 산업별 및 규모별(저)임금 근로자 비중을 보여주고 있음\n- 최저임금의 1.5배나 중위임금 이하 근로자의 비중을 살펴보면, 규모별로는 300인 미만 사업체 범주까지는 그 비중이 대략 40% 또는 그 이상이며\n- 중위임금의 2/3 이하 저임금 근로자의 비중을 살펴보면 종업원 수 0인 사업체에서 그 비중이 압도적으로 높으며 이후 300인 미만 범주까지는 5% 이상을 보임\n- 다만, 중위임금의 2/3 이하 근로자를 저임금 근로자로 볼 경우, 다수의 업종에서 규모별로 10인 이상의 범주에서는 저임금 근로자의 비중이 2~3% 이하로 매우 낮음\n3. 표본설계\n3.1 모집단 및 표본추출틀\n○ 「최저임금 적용효과에 관한 실태조사」의 모집단을 전체 사업체로 확대하는 방안을 고려할 때 표본추출틀로 「사업체 노동실태현황」을 사용하는 것은 타당함\n- 조사대상 적정성에 대한 검토는 정책적인 활용 목적에 따라 이루어질 수 있으며, 표본설계에서 모집단 설정은 이를 반영하여 수정될 수 있을 것임\n3.2 조사대상 업종 및 사업체 규모 범위 확대\n〇 조사대상 업종의 확대가 필요할 것으로 판단됨\n〇 조사대상 사업체를 상용근로자 300인 미만의 규모로 제한을 둘 것인가의 문제에 대해서도 향후 정책적인 판단이 필요함\n3.3 표본크기, 층화, 표본배분, 가중치 부여 및 추정\n〇 이 조사의 통계작성 단위는 산업대분류 구분이며, 조사대상 업종이 확대되면 전체 표본크기도 늘어나는 것은 불가피함\n- 다만, 본 조사는 업종별 통계작성이 필요하고 주요 공표항목이 모비율 추정이라는 점을 고려하면 업종별 표본크기를 결정하는 것이 바람직할 것으로 판단됨\n〇 층화에 사용된 변수는 사업체의 업종과 사업체 규모 구분이며, 각 업종내에서 사업체 규모별 표본배분 방법으로 제곱근 비례배분법을 적용하는것은 타당한 것으로 판단됨\n〇 모집단 특성 추정에 대한 대표성과 정확성을 확보할 수 있는 적절한가중치를 산출하여 추정에 활용하는 방안은 적합함\n- 가중치는 사업체 가중치 및 저임금근로자 가중치를 구분하여 부여하여야 하며, 설계 가중치, 무응답보정 가중치, 사후층화조정 가중치를 포함한 최종 가중치를 적용하여 모수를 추정함\n4. 조사표 구성\n4.1 근로자 응답대상\n○ 응답대상 검토 및 일치하도록 구성\n- 조사대상 근로자수는 ‘상용근로자 수’를 기준으로 하고 있으며, 사업체 대상 조사표는 일용/기간제 근로자를 포함하고 있으므로 응답대상을 검토 및 일치하도록 구성\n○ 근로자 응답대상자 선정과 구분이 용이하도록 사업체 조사표에서 관련정보를 도출할 필요가 있음\n4.2 사업주 및 근로자 대상 조사표\n〇 사업체 현황 및 최저임금 현황 검토\n- 사업체의 정보확인 및 자료연계를 위한 사업자등록번호(또는 법인등록번호)항목 추가 고려\n- 최저임금의 제시된 정보가 응답에 영향을 미칠 수 있기 때문에 현황표에 제시된 정보의 범위 검토\n〇 시간 흐름 순으로 응답란 제시 고려\n〇 응답대상이 달라지지 않는 문항은 독립질문으로 구성 필요\n〇 항목별 변동에 대한 응답과 최저임금으로 인한 영향을 혼합하여 응답할 가능성이 있으므로 질문을 구분하는 방안 필요\n〇 우선적으로 고려할 사항을 질문하는 항목은 복수응답 개수를 제한하여순위 질문으로 변경하는 방안 검토 필요함\n〇 최저임금과 직접 관련된 내용으로 보이지 않은 항목 검토 필요함\n〇 문항 배치 검토 필요\n〇 가구 전체 소득 및 지출금액으로 최대범위(500만원 이상)가 다소 적은것으로 보이므로 검토 필요함\n〇 사업장의 고지 여부를 근로자에게 질문하는 것이 적절한지 검토 필요함\n5. 조사체계\n○ 조사의 정확성과 효율성 제고를 위해 그동안 각 지방관서별로 이루어졌던조사계획 수립, 조사원 채용 및 교육 등을 조사 전문기관에서 일괄적으로수행\n- 근로감독관은 조사 불응 사업체에 대한 조사 지원 업무를 담당하고 조사기관은 조사대상에 대한 현장조사를 강화하여 응답률 제고\n○ 최저임금 근로자가 상대적으로 많이 분포하는 기업규모 군에 대해 선정가능한 근로자 수를 증가시킬 수 있도록 조사의 우선순위 기준 명확화\n○ 업종별·규모별로 충분한 수의 예비표본을 확보하여 단위 무응답 발생 시명확한 표본대체지침에 따라 표본 대체하여 조사\n- 원표본과 층화변수(산업대분류, 사업체 규모)및 정렬변수(시도, 시군구 등)가 동일하면서 가장 가까운 표본 활용\n- 전체 목표 표본 수뿐만 아니라 층별 목표 표본 수를 유지할 수 있도록 표본을 관리\n"
		}
	]
}