﻿{
	"data": [
		{
			"source_id": "S0000803",
			"title": "2022년 복지소외계층 발굴 및 민간자원연계지원(좋은 이웃들) 사업안내",
			"publisher_company": "보건복지부",
			"category_main": "행정",
			"category_middle": "보건",
			"isbn": null,
			"collection_name": "사업보고서",
			"contents_type": "공개",
			"issue_date": "2022",
			"corpus": "복지소외계층 발굴 및 민간자원연계지원(좋은이웃들)사업안내\n2. 추진경과\n• ‘공중화장실서 사는 3남매’(SBS, 2011.4.30)사례가 언론을 통해 대중에 알려짐\n• 기초생활수급자에 해당되지 않아 복지사각지대에 방치된 사람들이 있음. 국가가 일제점검을 통해 이런 사람들을 찾아 보살펴줘야 함(수석비서관회의, 2011.5.2)\n• 정부 주도 복지사각지대 전국 일제조사 실시(2011.5.15-6.21)\n• 지역 민간자원연계를 통한 소외계층 발굴ᐧ지원이 상시적으로 운영되도록 제도를 보완하고 지원하는 체계를 상시화\n• 복지공무원과 민간자원봉사서비스 제공\n3. 법적근거\n4. 주요연혁\n2011’좋은이웃들‘ 봉사단 조직, 복지소외계층 상시발굴체계 구축\n- 4개 연구시범지역 운영 : 영등포구, 부산진구, 원주시, 광명시\n- 사회복지의 날 기념 KBS특별생방송 ‘찾아주세요. 알려주세요’\n2012 전국 30개 시 · 군 · 구에서 시행\n- ‘좋은이웃들’ 연합발대식 개최(서울, 4월)\n5. 사업 주요정의와 체계 \n1)사업의 주요정의\n○ 좋은이웃들 사업 : 사회복지사업법 제33조 1항 3호의 규정에 따라, 사회복지협의회가 지역네트워크를 구성하고 지역사회의 자원봉사자를 활용하여, 복지소외계층을 발굴하고 민·관 지원 및 민간자원을 연계함으로써 어려운 이웃들을 돕는 사업\n○ 복지소외계층 : 심각한 심리·사회적 고립으로 인해 어려움을 겪고 있거나, 기초 의식주 및 생계유지에 필수적인 복지욕구가 있음에도 불구하고 사회보장기본법에 의한 급여 및 서비스대상에 포함되지 않는 경우, 또는 포함되더라도 급여의 수준이 개별적 수요에 미흡한 대상자. 개별상황의 심각도, 현재 욕구·지원 순위에 따라 ‘집중대상’과 ‘일반대상’으로 구분함\n○ 수행주체 : 좋은이웃들 사업의 연구·기획·조정·평가 및 수행기관 선정·교육·관리 등의 총괄 운영을 담당하는 주체로 한국사회복지협의회\n○ 수행기관 : 좋은이웃들 사업 신청 및 선정 절차에 따라 최종 선정되어 지역사회 내에서 발굴지원·연계를 직접 실행하는 주체로 시·도 또는 시·군·구사회복지협의회 및 거점 사회복지 관련 기관·단체\n○ 수행기관 담당자 : 좋은이웃들 사업 수행기관의 실무를 담당하는 자\n○ 좋은이웃들 봉사자 : 복지소외계층 발굴 및 민간자원 연계·지원 사업인 좋은이웃들 활동에 자발적 의지에 의해서 무보수로 봉사하고자 하는 개인으로 수행기관장으로부터 위촉받은 자\n○ 좋은이웃들 봉사단 : ‘좋은이웃들 봉사자’로 개발된 개인 또는 단체를 지역의 상황 및 특성에 따라 분류하고 조직화한 집단\n○ 협력기관 : 복지소외계층을 발굴하고 서비스·자원의 연계와 지원과정에 협력하는 공공기관(읍·면·동 행정복지센터, 시·군·구 희망복지지원단 등)과 민간기관(사회복지 관련기관, 보건·의료기관 등)\n6. 사업목표와 주요사업내용 \n1)기본방향\n1 지역 주민 네트워크를 활용한 ‘좋은이웃\n2 공공전달체계를 보완하는 민·관 협력체\n3 민간중심의 복지소외계층 상시발굴체계 \n4 개인, 기업 등 민간자원을 활용한 복지\n2)사업목표\n1 민 · 관 협력을 통한 복지소외계층 발굴\n2 지역사회 민간자원의 체계적 활용\n3 소외된 이웃에 대한 지역사회 내 지속적\n1 복지소외계층 발견/신고/발굴[좋은이웃들 봉사자 → 사업 수행기관]\n• 지역 내 취약지역 상시 점검 등을 통한 대상자 발굴\n• 발견된 대상자의 문제 상황 파악, 수행기관에 신고\n• 지역사회 내 관련 기관과의 MOU 체결을 통한 발굴 활성화\n2 신고접수/초기상담 및 욕구조사[사업 수행기관]\n• 신고 된 내용 접수 후 현장 확인을 통하여 대상자의 생활정도, 인적사항 등 기본조사\n• 대상자의 필요서비스에 대한 욕구조사(경제, 주거, 안전, 건강 등)\n• 집중관리 및 우선서비스 제공 대상자에 민간자원 연계지원\n3 읍·면·동 행정복지센터 의뢰[사업 수행기관 → 읍·면·동 행정복지센터]\n• 수행기관에서 상담하고 기록한 대상자 정보를 읍·면·동에 의뢰\n4 신청/접수[읍·면·동 행정복지센터]\n• 읍·면·동에서는 수행기관에서 제출한 기본정보 조사 결과를 토대로 대상자의 공공지원 신청에 필요한 상담 진행\n5 통합조사/공공지원여부결정/통보[시·군·구청 → 사업수행기관]\n• 통합조사, 공적자료 조회 요청을 통한 자산 조사 및 수급자격 여부 결정\n• 복합적 문제를 가진 대상자에 대해 지역사회의 공공·민간지원 연계\n- 사업별 보장 결정 후 수급자에게 결정내용 통지\n• 의뢰자에 대한 결정내역을 수행기관에 통보\n6 민간자원 연계·지원[사업 수행기관]\n• 시·군·구에서 통보된 대상자에 대한 민간자원 연계·지원\n• 읍·면·동 및 시·군·구 서비스연계팀에서 요청한 대상자 서비스 제공\n- 좋은이웃들 봉사자를 활용하여 방문상담, 자원연계 및 사후관리 협조(정서적 지원 등)\n7 결과보고[사업 수행기관 → 중앙협의회 → 보건복지부]\n• 지정된 서식에 발굴 및 민간자원 연계·지원 실적 등 기록\n• 분기별, 연간 등 사업실적을 중앙협의회에 보고\n• 사업 수행기관별 실적을 종합하여 보건복지부에 보고\n8. 좋은이웃들 수행기관과 공적체계와의 연계협력 \n1)기본원칙\n○ 좋은이웃들 사업은 민간단체인 사회복지협의회가 주체가 되어 지역사회 사정을 잘 아는 자원봉사자들을 활용하여 복지소외계층 발굴·지원하는 것이고, 공적체계는 시·군·구 희망복지지원단이 주체가 되어 지역사회보장협의체를 통하여 복지사각지대 문제를 해소하는 사업임\n○ 좋은이웃들 수행기관과 공적체계는 지역사회에서 복지소외계층 발굴 및 복지욕구에 효과적으로 대응(자원연계‧지원)하여 복지사각지대가 발생하지 않도록 민간과 공공의 영역의 역할을 상호 보완·협력하는 것이 필요함\n2)좋은이웃들 수행기관과 공적체계와의 관계\n○ 좋은이웃들 수행기관\n- 지역사회 복지소외계층 상시발굴체계 구축\n• 읍·면·동별로 촘촘하게 봉사자 구성·운영하여 공적체계와 인적연계망 구축\n- 자원제공 중복 방지\n• 읍·면·동 행정복지센터와 정보공유를 통한 자원제공 중복 방지\n- 지역사회 내 효율적인 자원 연계·협력 활성화\n• 복지사각지대 발굴된 대상자 및 자원관련 정보공유\n• ‘지원심사 및 자원연계지원’ 위원회에 공적체계에서 1인 이상 참여\n○ 시·군·구 희망복지지원단 / 읍·면·동 행정복지센터\n- 복지대상자 서비스 종합안내\n• 좋은이웃들 수행기관으로부터 의뢰된 대상자에게 서비스 종합안내\n• 의뢰자에 대한 결정내역을 수행기관에 통보\n- 시·군·구 지역복지 활동\n• 좋은이웃들 수행기관(봉사자)과 함께 대상자 방문상담 및 민간자원 연계·지원 등 지역복지 민·관 협력 확대\n- 통합사례회의 참석(관련근거 : 2022 희망복지지원단 업무안내)\n• 좋은이웃들 수행기관이 희망복지지원단 사례회의 참석하여 정기적인 민관 협력 체계 강화\n○ 지역사회보장협의체\n- 유기적인 협력관계 유지(관련근거 : 지역사회보장협의체 운영안내 지침)\n• 지역사회보장협의체 위원 구성 시 좋은이웃들 수행기관 추천인사가 참여\n• 복지사각지대 발굴 및 해소를 위해 ‘좋은이웃들’ 사업과 대상자 및 자원관련 정보공유를 통한 자원 연계·제공 등 유기적 협력관계 강화\nII. 좋은이웃들 사업 운영\n1. 운영 방향\n1)운영 방향\n○ 좋은이웃들 사업은 이웃 간 상호 보호체계를 구성하고 강화하는데 초점을 두고 지역사회 민·관체계 및 자원의 연계를 통한 네트워크를 구성·운영함\n일반적으로 사례관리의 초점은 클라이언트를 지지하는 네트워크를 형성하는 것으로 클라이언트(가족)의 자기보호, 이웃 체계의 상호적 보호, 전문가 체계의 전문적 보호를 통합하는 것임(<|start|>#@이름1#<|end|>, 1989)\n2)추진 내용\n복지소외계층 신고·발굴\n좋은이웃들 사업의 지원이 필요한 복지소외계층을 찾아 신고하는 단계\n발굴상담 및 욕구조사\n의뢰된 사람을 찾아가 확인하고 적절한 도움을 주기 위한 객관적 정보를 수집하는 단계공적체계 연계 신고·의뢰\n공적체계를 통해 지원 가능한 서비스 및 자원을 확인·신청하는 단계\n지원심사·자원연계회의\n의논과 협의를 통해 대상자를 효과적으로 도울 적절한 서비스 및 자원 제공 계획을 수립하는 단계\n서비스·자원 연계 및 점검\n제공계획에 따른 서비스와 자원을 개발·연계하고 대상자에게 잘 전달되었는지 점검하는 단계\n종결 및 모니터링\n목표달성(서비스/자원연계)및 기타 사유로 지원을 종결하고 모니터링 하는 단계\n2. 운영 과정\n1)복지소외계층 신고·발굴\n○ 좋은이웃들 사업에 지원이 필요한 대상자를 탐색·발견·신고·발굴하는 단계\n○ 발굴방법 및 주요절차\n- 탐색 : 순찰, 모니터링, 네트워크 등을 통한 상시적 지역사회 탐색\n- 발견 : 탐색을 통한 복지소외계층 정보수집, 봉사자가 1차 확인하여 발견(1차 확인 내용 : 긴급·위험상황인가, 좋은이웃들의 지원이 필요한가 등)\n- 신고 : 봉사자의 1차 확인결과 지원이 필요하다고 여겨지는 경우, 복지소외계층의 기본정보 및 욕구를 간략히 파악하여 유선전화(수행기관 및 대표번호<|start|>#@전번1#<|end|>등), 팩스, 메일, 구두(口頭), 방문 등 다양한 경로를 통해 발굴한 정보를 전달함\n- 발굴 : 수행기관에서 봉사자로부터 전달받은 정보를 확인하고 등록함\n1 발굴대상\n○ 복지소외계층 : 심각한 심리·사회적 고립으로 인해 어려움을 겪고 있거나, 기초 의식주 및 생계유지에 필수적인 복지욕구가 있음에도 불구하고 사회보장기본법에 의한 사회서비스 및 급여대상에 포함되지 않는 경우, 또는 포함되더라도 급여의 수준이 개별적 수요에 미흡한 대상자. 개별상황의 심각도, 현재 욕구·지원 순위에 따라 ‘집중대상’과 ‘일반대상’으로 구분\n○ 좋은이웃들 사업 발굴대상 구분\n2 발굴유형\n○ ‘좋은이웃들 봉사자’ 운영을 통한 복지소외계층 발굴\n- 좋은이웃들의 지역 모니터링 활동(정기적 순찰, 업무 등)을 통한 발굴 시, 봉사활동일지에 발굴내용을 기재하여 수행기관에 전달 및 지원 요청\n- 지역 모니터링을 통해 신고 되는 복지소외계층 정보를 수행기관에서 발굴일지에 기록\n○ 본인 및 가족, 이웃주민, 소상공인, 관련기관 등의 제보를 좋은이웃들 봉사자가 확인하여 발굴 \n3 발굴시 유의사항\n○ 2인 이상 동반활동 : 안전상의 문제와 돌발 상황에 대한 대처를 위해 2인 이상으로 구성·동행하여 복지소외계층을 접촉토록 함(사전 교육 진행)\n○ 긴급(위기)상황 시 : 봉사자의 1차 확인 단계에서 상해, 학대, 자살위험 및 심각한 영양결핍 등의 긴급(위기)상황 시, 대상자로부터 봉사자가 위협을 느끼는 경우, 지역응급체계(119 또는 112 등)에 신고하여 안전을 우선 확보하도록 함(사전 교육 진행)\n2)발굴상담 및 욕구조사\n○ 발굴된 복지소외계층의 현장 확인과 기초관계형성, 상담, 욕구조사 실시\n- 대상자 방문 및 대상자 기본조사 실시\n- 대상가구와 연락하여 욕구조사를 위한 방문상담 일정 협의\n- 대상가구의 특성 및 안전문제 등을 감안하여 2인 이상 방문\n※ 해당 읍면동 사회복지전담공무원과 업무 협력(방문상담 동행)권장\n○ 대상자 또는 주변인의 자발적 협조가 가능한 범위 내에서 상담\n○ 대상자 인적사항, 접수경로, 상담 및 주요문제 등의 파악\n○ 필요한 서비스에 대한 구체적 욕구 파악 및 상담자 의견 기술 \n1 발굴 상담 내용\n○ 좋은이웃들 지원 및 서비스 연계확정을 위한 필수 과정\n○ 대상자 면접(面接)상담 및 현장 확인을 통한 현재의 객관적 문제와 위기 상황에 대한 정보 수집\n○ 필수상담내용\n- 대상자 기본정보 : 이름, 성별, 생년월일, 주소 또는 거주지, 보호자, 연락처, 복지서비스 수혜 여부 및 내용 등(발굴신고과정에서 수집된 정보의 확인과 함께 추가로 필요한 정보)확인\n- 대상자의 문제 상황 및 생활실태 : 적절한 도움을 주기 위해 필요하다고 판단되는 문제 상황의 정보를 구체적으로 상담\n- 표현된 욕구 및 잠재적 욕구에 대한 상담내용\n- 주요 문제 상황 및 복지 급여·서비스 내역\n- 욕구조사에 의한 상담자의 의견- 현장조사 시에는 대상자의 동의하에 작성 가능한 부분만 작성, 대상자의 개인정보 보호에 유의\n○ 개인정보 이용에 대한 동의를 필수적으로 받을 것 \n2 욕구조사\n○ 욕구조사는 대상자에게 필요한 서비스를 찾아내기 위한 필수적인 과정\n- 대상자의 욕구를 정확히 조사하여 실질적인 도움을 주기위한 지원 전략과 개입방향을 수립함\n- 욕구조사는 대상자와 상담자가 공동으로 작업하는 과정으로, 대상자로부터 욕구에 관한 정보를 수집하고 분석하여 우선순위를 정하고 체계화함\n○ 욕구영역별로 겪고 있는 주요 문제점과 원인 파악\n- 욕구영역별 대상자의 주요 문제와 욕구를 객관적으로 파악함\n- 대상자 욕구유형[참고1]활용\n○ 욕구 내용 중 우선순위를 선정, 서비스 제공계획 수립 시 필수욕구부터 문제 해결 우선순위에 따른 개입\n○ 우선순위를 결정하는데 고려해야할 상황\n- 다른 영역의 욕구에 영향을 가장 많이 미치는 문제 상황\n- 현재 문제 상황의 원인이 되는 경우\n- 가족구성원이나 대상자의 생명에 위해가 되는 문제\n- 법적 개입이 우선인 문제들(예 : 아동학대, 가정폭력 등)\n- 욕구조사 시 대상자의 과거력을 캐묻기 보다는 현재의 상황에 초점을 둠\n○ 대상자가 욕구를 명확히 제시하지 못할 경우\n- 대상자가 욕구를 인식하지 못하거나, 욕구표현이 어려운 경우 또는 과거좌절 경험의 반복으로 변화 기대가 없는 경우 명확한 욕구파악이 어려움. \n- 위와 같은 경우 가족, 이웃, 친구, 친척, 교사 및 의료진 등 대상자 주위 다양한 관련자들의 의견 및 관점을 통해 현 상황을 객관적으로 파악하도록 노력해야 함\n○ 욕구(needs)와 문제(problems)의 정확한 구분이 필요\n- 대상자의 욕구가 아닌 상담자가 파악한 문제 상황 및 문제리스트를 기술 시 논리적이고 적절한 개입이 어려움\n- 예)가정환경이 비위생적임(문제), 청소·도배로 청결한 환경 구성(욕구)\n3)공적체계 연계 신고·의뢰\n○ 공적 급여 및 서비스 연계·지원을 위해 공적체계(읍·면·동 행정복지센터)에 복지소외계층 대상자를 의뢰(서식2 참조)\n○ 좋은이웃들 사업 수행기관으로부터 대상자 의뢰를 받은 지방자치단체는 절차에 따라 적격 여부를 심사하고 그 결과를 대상자를 의뢰한 사업수행기관에 통지\n○ 발굴대상자 처리 결과를 시·군·구청을 통해 확인하고 결과에 따라 개입계획을 구체화 \n1 공적체계\n(a)사례신청(좋은이웃들 수행기관): 신고·발굴 된 복지소외계층에 대해 읍·면·동행정복지센터에 공적 급여 및 서비스 신청\n(b)사례접수(읍·면·동 행정복지센터): 읍·면·동 담당자가 사례를 접수함\n- 행복e음 초기상담 화면 접수경로 란에서 ‘좋은이웃들’을 선택\n- (초기상담)초기상담을 통해서 사안별 서비스 신청 및 접수\n※ 상담방문 시 해당 좋은이웃들 수행기관에서 사회복지전담공무원의 요청에 따라 방문상담 동행 등 업무협조\n- (통합조사 의뢰)공적 급여/서비스, 긴급복지, 사례관리 시·군·구 요청\n(c)통합조사(시·군·구청 통합조사관리팀): 읍·면·동 행정복지센터로부터 의뢰된 통합조사 신청에 대하여 공적자료 조회요청 등 실시\n(d)보장결정·지원(시·군·구청 사업팀): 사업별 보장 결정 후 수급자에게 결정 내용 통지\n(e)사례관리·연계지원 및 처리결과 통보(시·군·구청 서비스연계팀): 복합적인 문제를 가진 대상자에 대한 사례관리 및 공공·민간 복지지원을 실시하고, 대상자에 대한 공공·민간지원 결정내역을 수행기관에 통보\n- 통보방법 : 매월 서비스연계팀 담당자는 행복e음에서 접수경로가 좋은이웃들로 분류된 결정내역을 추출(엑셀파일 형식)하여 수행기관으로 송부\n- 통보사항 : 대상자별 공공·민간복지 자원 연계 결과(개인정보 제외)\n- 민간지원 의뢰 : 시·군·구 서비스연계팀에서는 통합사례관리 대상자 중 민간지원이 필요한 사람(가구)을 수행기관에 의뢰하여 공적 서비스의 부족이나 한계 등으로 필요한 서비스를 받지 못하는 사람(가구)을 지원요청 가능\n※ 처리결과에 대해 좋은이웃들 수행기관에 미통보 시 복지서비스가 중복 지급될 수 있음\n(f)상담지 반영 및 민간자원연계(좋은이웃들 수행기관): 수행기관은 통보받은 내용을 복지소외계층 발굴·지원상담지에 반영하고, 시·군·구 서비스연계팀에서 민간자원 필요 대상자에 대해서 민간자원 연계·지원 2 공적 급여 및 서비스 신청\n○ 해당 지역 읍·면·동 행정복지센터\n○ 해당 시·군·구청 희망복지지원단\n○ 보건복지콜센터 ☎<|start|>#@전번1#<|end|>\n4)지원심사·자원연계회의 및 지원확정\n○ 발굴상담 및 욕구조사를 토대로 좋은이웃들 수행기관이 대상자 지원 유무(선정, 미선정)를 확정\n○ 대상자의 욕구내용을 토대로 지역사회 내 민간자원, 위기구호비 등을 고려하여 지원심사. 자원연계회의 추진\n○ 지원심사. 자원연계회의 결과를 토대로 민간자원 연계·지원 및 위기구호비 등 사용계획 수립 \n1 대상자 구분\n2 지원심사. 자원연계위원회 구성\n○ 목적 : 발굴된 대상자의 지역사회 내 효율적인 자원연계 및 공정한 심의를 통한 민간자원(위기구호비 등)지원\n○ 내용 : 대상자 욕구조사의 우선순위를 토대로 협의회 내·외부 민간자원 연계·지원 및 위기구호비 등 관련 서비스 지원을 위한 회의\n○ 구성 : 지원심사. 자원연계위원회는 수행기관 사무국 임·직원과 지역사회 내 관련 전문가를 포함하여 3인 이상 10인 이내로 구성하며, 수행기관장이 위촉함(공적체계 관계자 1인 이상 포함)\nex)수행기관 임·직원(관리자 이상), 사회복지기관 종사자·관리자, 사회복지 관련 학과 교수, 시·군·구청 희망복지지원단의 공무원, 봉사자 대표(팀장)등\n○ 임기 및 보수 : 위원은 무보수 비상근직으로 임기는 1년으로 하되 연임 할 수 있으며, 예산의 범위 내에서 회의 수당 등을 지급할 수 있음\n- 수당 지급 기준[p.152 간담회(회의비)]활용\n3 지원심사. 자원연계회의 운영\n○ 운영\n- 매월 1회 민간자원(위기구호비 등)지원을 위한 회의를 개최하되, 긴급하게 지원되어야 할 경우 및 기타 수행기관의 사정 등으로 수시 개최할 수 있음\n- 급박한 상황, 단순 지원 등으로 지원심사. 자원연계회의 개최 전 발굴 대상자에게 물품 등 자원을 연계한 경우 사후 지원심사. 자원연계회의를 통해서 보고토록 함\n○ 주요내용\n- 발굴된 복지소외계층 지원여부 심의 : 지원심사. 자원연계회의를 통해 지역 특성을 반영하고 대상자의 상황을 고려하여 지원여부를 심의. 주요 문제가 전문적이고 장기적인 개입을 요하는 대상자(아동학대, 자살, 정신적인 문제 등)에 대해서는 심의를 통해 직접 지원보다는 전문기관 의뢰를 통한 개입을 고려할 수 있음\n- 발굴된 복지소외계층 지원 계획의 기초 수립 : 문제 상황과 욕구조사\n내용을 확인하고 우선순위를 토대로 민간자원 및 위기구호비 등 대상자별로 적절한 지원 계획의 기초수립. 계획에 따른 필요 자원의 배분을 심의함\n- 긴급지원 대상 지원 확인 및 심의 : 긴급한 대상의 경우 先지원 後회의를 통해 긴급한 문제를 우선 해결하고 이후 사례회의를 통한 심의로 장기 지원 계획 수립\n- 사례 슈퍼비전 : 전문가의 슈퍼비전이 필요할 경우 외부전문가 참여 의뢰 가능\n○ 유의사항\n- 사례회의에 여러 기관이 참여할 경우 회의에 필요한 사항에 대해 범위를 지정하여 대상자 정보 보호에 유의\n- 회의 개최계획과 결과보고는 반드시 내부결재를 받아 처리하고 보관해야 함\n4 지원심사·자원연계회의 운영방식 필요시 확대\n○ 운영\n- 감염병, 재난재해 발생 등 대면회의 방식이 적절하지 않은 경우, 서면\n또는 영상회의로도 회의운영 가능\n○ 유의사항\n- (공통)\n· 심사위원에게 지원대상자에 대한 상담기록지·지원계획 등 필요자료를 충실히 제공해야 함\n· 지원대상자 자료 제공 시 성명, 생년월일 등 개인정보는 삭제하여 제공하는 등 개인정보보호 철저\n· 회의 개최계획과 결과보고는 반드시 내부결재를 받아 처리하고 보관해야 함\n· 회의참석자 식음료비 지출 불가\n- (서면)\n· 심사위원에게 대상자 20건당 최소 1일 이상의 검토시간을 고려하여 회신기한 부여\n· 회신서식에는 지원대상자에 대한 지원가부의사표시와 지원계획에 대한 심사위원의 수정의견 등 주관적 서술이 가능한 란을 반드시 포함\n· 참여위원에 대한 회의참석비는 지급 불가\n- (영상)\n· 회의참석자 확인 방법, 의사결정과정 기록 등 세부사항은 수행기관별 여건에 따라 자체적으로 마련 및 적용하되, 사후에 적정성에 대한 증빙이 가능하도록 함\n· 참여위원에 대한 회의참석비 지급 가능\n5)지원·연계 및 점검\n○ 지원심사. 자원연계회의에서 논의 및 수립된 제공계획에 따라 서비스 및 자원을 전달\n- 지역사회 복지기관 및 관련단체 의뢰\n- 좋은이웃들 수행기관 위기구호비 및 민간자원 연계·지원\n○ 대상자에 대하여 서비스가 적절히 제공되고 있는지를 확인하고, 대상자의 환경 및 욕구의 변화가 발생하였는지 여부를 점검하는 활동\n- 보호계획의 적정 수행 여부 파악 : 수립된 보호계획대로 서비스가 수행되고 있는지 확인\n- 서비스 제공 내역의 적정성 여부 파악 : 대상자의 욕구에 맞는 서비스가 제공되고 있는지, 대상자에게 제공되고 있는 서비스가 적절한 것인지 확인\n○ 서비스 지원으로 인한 안정 및 긍정적인 변화를 점검하고 개입된 복지자원을 지속적으로 점검하는 과정 \n1 지원·연계\n○ 지역사회 내 주요 서비스 및 자원 연계 목록을 토대로 사회복지기관·단체에 서비스를 의뢰하거나, 좋은이웃들 수행기관 위기구호비 혹은 내·외부 자원을 활용하여 지원하거나 연계함\n○ 지원·연계는 좋은이웃들 봉사자들을 활용하여 심리·정서적 지원과 함께 서비스 및 자원을 대상자에게 연계하고 지원활동의 내용을 기록하고 관리함\n1 종결유형\n○ 종결유형은 지원 완료에 의한 종결과 타 기관, 대상자 및 수행기관의 여건에 의한 종결이 있음\n2 모니터링\n○ 종결 후 대상자의 상황에 대한 후속 점검으로 좋은이웃들 봉사자를 활용하여 대상자에게 심리·정서적 서비스(안부 방문, 전화·문자 등)를 제공함\n○ 지속적인 접촉과 관리를 통해 대상자의 변경상황 및 위험요인의 재발을 확인하여 안정 상태를 지속하도록 도움\nⅢ. 좋은이웃들 봉사단 구성 및 운영\n1. 봉사단 구성 \n○ ‘좋은이웃들 봉사자’란, 복지소외계층 발굴 및 민간자원 연계·지원 사업인 좋은이웃들 활동에 자발적 의지에 의해서 무보수로 봉사하고자 하는 개인으로 수행기관장으로부터 위촉받은 자\n○ ‘좋은이웃들 봉사단’이란, 좋은이웃들 봉사자로 개발된 개인 또는 단체를 지역의 상황 및 특성에 따라 분류하고 조직화한 집단\n2)봉사자의 역할\n○ 지역사회 내 복지소외계층 발굴 및 신고\n○ 좋은이웃들 사업 홍보 및 안내\n○ 민간자원 개발·연계·지원\n○ 심리·정서적 상담 지원 \n3)봉사자 개발방법\n○ 모집홍보 : 좋은이웃들 사업에 참여할 자원봉사자 모집을 위해 지역 상황에 따라 온/오프라인의 다양한 방법의 홍보 추진\n- 매체 활용 : SNS, 문자메시지, 이메일, 소식지, 홈페이지, 전단지 등\n- 행사·이벤트 활용 : 교육, 캠프, 캠페인, 회의, 지역사회 모임, 인맥 등\n- VMS 활용 : 한국사회복지협의회 사회복지자원봉사인증관리시스템\n(<|start|>#@기타1#<|end|>)으로 복지소외계층 발굴 및 민간자원연계 봉사자 모집 등\n4)주요모집대상\n○ 지역사회의 사정을 잘 알고 어려운 이웃을 찾아낼 수 있으며, 좋은이웃들 사업을 이해하고 봉사활동에 참여가능한 개인 또는 단체\n5)봉사자의 면접과 선발\n○ 면접상담 : 봉사자의 참여 동기, 능력과 활동가능 시간, 지역, 분야의 파악. 좋은이웃들 사업을 설명하고 활동방법과 기초/사전교육 정보를 제공함\n○ 선발요건 : 좋은이웃들 사업 취지를 이해하고 정기적으로 복지소외계층을 위한 봉사활동에 참여할 수 있으며, 지역사회 순찰 및 자원봉사활동 등 대상자 발굴 및 자원연계가 가능한 사람으로 간단한 양식을 작성 및 제출 가능한 사람 등\n6)봉사자의 위촉\n○ 위촉주체 : 좋은이웃들 봉사자는 시·군·구사회복지협의회장 명의로 위촉\n- 지자체와 협의를 통해 지자체장과 공동명의로 봉사자 위촉이 가능\n- 시·군·구협의회가 없는 곳에 한하여 수행기관장이 위촉을 대신할 수 있음\n○ 위촉기간 : 위촉일로부터 회원탈퇴 시까지(10년)로 함\n- 위촉기간 종료 및 봉사자가 해촉을 요구할 경우 관련 정보를 파기함\n2. 봉사단의 조직과 운영\n1)봉사단 조직\n○ 시·군·구, 통·리 단위 1인 이상 위촉 : 수행지역의 인구분포 및 지역적 특성을 고려하여 모든 마을(통(統)또는 리(里)에 1인 이상씩 위촉. 좋은이웃들 봉사자가 읍·면·동 별로 고르게 분포될 수 있도록 조직\n○ 봉사단 조직\n3. 봉사자 교육\n1)입문교육\n○ 교육대상 : 좋은이웃들 신규 봉사자\n○ 교육목표 : 좋은이웃들 사업의 이해 및 기본적인 정보 습득\n○ 교육일정 : 자원봉사활동 신청 시 면접 또는 정기적 실시\n○ 교육인원 : 50명 내외\n○ 교육내용 : 좋은이웃들 사업 추진 배경 및 사업 안내, 복지소외계층 주요 발굴 대상자 안내 및 신고 절차, 우리나라의 주요 사회복지제도, 좋은이웃들 봉사자의 마음가짐 및 태도, 봉사활동 안전교육 등\n4. 봉사자 관리·인정보상 \n1)봉사자 관리\n○ 봉사자 관리대장 : 자원봉사자 이름, 주소, 연락처 등 관리\n* 좋은이웃들 시스템에서 다운 가능\n○ 봉사자 관리 시 개인정보 제공에 대한 동의를 필수로 받아야 함\n○ 자원봉사시간 인증관리\n‣ 인증관리 : 사회복지자원봉사인증관리시스템(<|start|>#@기타1#<|end|>)를 이용하여 개인 및 단체의 자원봉사활동 인증관리\n‣ 조건사항 \n1 인증관리센터 등록 : 자원봉사자를 양성·관리하는 법인·단체·시설로 시·도사회복지자원봉사관리본부(사회복지협의회)에 신청 \n2 인증관리요원 등록 : 관리센터 종사자로서 관리요원 양성교육 이후 인증관리 업무를 수행하도록 시·도사회복지자원봉사관리본부에 위촉\n‣ 인증관리 등록 : 인증관리요원이 VMS를 이용하여 인증관리\n‣ 실적인증 : 자원봉사자의 자원봉사 실적은 평생 누적·관리되며 자원봉사 실적은 실시간으로 조회 가능\n‣ 자원봉사 인정기준 \n1 자원봉사활동 시간 인증은 1일 8시간 이내로 실제 봉사활동 시간에 한해 인증하는 것을 원칙으로 함 \n2 봉사활동으로 인정 가능한 활동 범위\n※ 차량봉사의 경우 차량운행 및 기타 수반되는 봉사시간, 즉 복지소외계층 발굴 활동의 현장순찰활동시간 등 실제로 현장에서 활동한 시간을 인정\n※ 물품 및 현금 기부는 봉사활동 시간으로 환산하여 인증할 수 없음. 기타 자세한 내용은 ‘사회복지자원봉사관리규정(2021.7.23. )’에 준함\n2)인정보상\n○ 자원봉사 인정보상 : 자원봉사 참여에 대한 감사의 마음을 전하고 활동을 유지하도록 지지하는데 목적을 두고, 수행기관의 상황에 따라 적절한 범위 내에서 지원\n○ 인정보상유형\n3)봉사자 포상·격려\n○ ‘좋은이웃들 전국대회’ 개최\n- 목적 : 좋은이웃들 봉사자 노고에 대한 인정보상 및 동기부여\n- 주최·후원 : 한국사회복지협의회, 보건복지부 등\n- 프로그램 내용\n· 표창 : 복지소외계층 발굴 및 민간자원 연계·지원을 위해 노력한 봉사자를 선발하여 보건복지부 장관표창, 한국사회복지협의회장 표창 등 수여\n· 교육·격려 : 복지소외계층 관련 교육의 기회 제공, 노고에 대한 감사 및 격려\nIV. 자원관리\n1. 자원관리 개요\n1)정의\n○ 자원 : 좋은이웃들 사업에서 ‘자원’이란, 대상자의 일상생활 유지와 삶의 질 향상을 위한 기초 욕구 충족에 필요한 것’으로 공식·비공식부문의 자원과 민간영리·비영리 부문의 모든 자원\n○ 자원관리 : 자원제공자가 자원제공에 지속적인 관심을 갖고 자원 제공 상태를 유지할 수 있도록 지지하는 일체의 행위\n2)자원의 종류와 특성\n3)자원관리 목적 및 과정\n○ 자원관리목적 : 대상자의 문제 상황 및 욕구를 적절히 해결할 수 있도록 다양한 서비스 제공이 가능하게 하고, 서비스의 접근성을 높여 사업의 효과성 및 효율성 제고\n○ 자원관리과정 : 자원조사, 개발, 연결, 조정하는 일련의 과정\n2. 자원조사\n1)필요성\n○ 복지소외계층이 가지고 있는 다양한 욕구에 대응하기 위해 지역사회 내 민간복지자원을 적극적으로 개발하고 체계적으로 관리\n2)개념\n○ 자원 : 좋은이웃들 사업에서 ‘자원’은 사회복지자원으로 클라이언트의 일상생활 유지와 삶의 질 향상을 위한 기초 욕구 충족에 필요한 것으로 정의\n○ 자원개발 : 클라이언트에게 필요한 서비스를 제공할 수 있는 사회자원을 개발하고 확보하여 클라이언트와 연결하고 조정하는 일\n3)자원유형\n○ 공급주체에 따른 분류 : 자원의 공급주체에 따라 공공자원과 민간자원으로 구분\n○ 자원특성에 따른 분류 : 자원의 내용 및 특성에 따라 인적자원, 물적자원, 정보자원 등으로 구분\n4)자원조사 방법\n○ 지역사회 내 자원현황 및 가용자원의 조사(공식·비공식적 자원 포함)\n○ 복지소외계층에게 지원 가능한 다양한 자원과 서비스 및 각종 프로그램 등에 대해 정기적으로 정보를 수집하여 조사에 반영함\n○ 지역 내 복지지도, 자원리스트 등의 기존 자원조사결과가 있다면 참조\n○ 조사된 자원을 유형별로 관리\n○ 주요자원분류 목록을 활용하여 시설/단체명, 서비스·자원내용, 기관 주소, 이메일, 담당자, 연락처 등 세부내역을 기록, 정기적 관리\n○ 조사 분석을 통해 수행기관의 부족한 보유자원의 분야를 확인하고 전략적 자원개발의 근거로 활용함\n3. 자원개발과 관리\n1)자원정보의 수집\n○ 인터넷을 통한 정보검색(웹서핑): 지역사회 내 민간자원 정보를 검색\n○ 각종 공문서 및 소식지 : 지역사회 내 사회복지기관, 병원, 기업 사회공헌, 재단 등에서 복지 관련 사업이나 서비스 홍보 공문 또는 소식지 등의 정보를 통해 자원정보 획득\n○ 지역 언론(TV, 신문 등): 지역 내 언론을 통해 자원정보 획득\n○ 지역사회 네트워크 : 지역사회 내 회의, 간담회, 교육 및 수행기관 실무자의 네트워크를 통해 정보 수립\n2)자원개발의 방법\n○ 구체적 개발 전략 수립을 통한 개발\n- 자원조사 결과 분석을 기반으로 대상자 욕구와 비교하여 부족자원 개발\n- 지역이나 생활권역을 구분하여 지역 부족자원 개발\n○ 개발방법\n- 좋은이웃들 펀드 : 지역사회 내 후원자(좋은이웃들 봉사자 등)가 해당 지역 좋은이웃들 수행기관을 매달 후원하여 수행기관별 좋은이웃들 후원금 조성\n- 모금 및 후원사업 활용 : 온·오프라인으로 대상자의 사연을 알려 모금하거나 필요한 서비스와 관련된 병원, 기업, 사회단체 등에 후원을 신청ex)네이버 해피빈, 카카오 같이가치 등\n- 기금사업 신청 : 사회복지공동모금회, 사회복지 관련단체, 기업 및 재단 등에서 시행하는 기금사업에 연계·지원ex)사회복지공동모금회'해피투게더', 대한적십자사 ‘희망풍차’ 등\n- 자원봉사자 개발 : 사회복지자원봉사인증관리(VMS), 지역 자원봉사센터를 연계, 또는 특화된 사업을 위해 자원봉사 단체를 조직\n- 지역사회 네트워크 활용 : 기존 네트워크 활용 및 단체들과의 교류\n- 지역 명망가 및 은퇴자 활용 : 지역의 명망 있는 은퇴자 및 핵심인물을\n만나 설득하고 조직 내 활용\n성공적인 자원개발전략\n▷ 기부자에게 인간관계설정을 위한 편지 발송\n▷ 특정 목표인물을 정해 기부를 유도\n▷ 많은 사람들의 참여를 호소하는 모금전략의 활용\n▷ 신뢰를 얻는 것\n▷ 기부자의 뜻과 희망사항을 이해하는 것\n▷ 기부자들과의 대화를 통해 기관이 하는 일과 역할 및 효과를 알려 주는 것 \n3)자원관리\n○ 자원의 이탈 및 탈락을 최소화하고, 적절한 대상자에게 연결되어 최대한의 효과를 발현할 수 있도록 하는 활동\n- 자원 이탈의 관리는 자원의 신규개발보다 비용 면에서 경제적이며 효율적\n- 자원 제공자의 제공동기를 파악하여 만족에 영향을 미칠 수 있는 피드백을 전달함으로써 관계를 지속시키는 노력이 필요\n○ 자원관리 방법\n- 협력관계노력 : 자원을 중심으로 한 네트워킹을 활성화 하여 긴밀한\n협력관계가 되도록 노력\n- 의사소통참여 : 자원과의 개방적인 의사소통을 통해 자원개발 및 지원\n과정에 참여할 수 있도록 노력\n- 네트워크 유지관리 : 지속적인 자원관리와 네트워킹 유지를 통해 기존\n자원의 유실을 막고 신규자원을 개발\n- 데이터베이스 업데이트 : 지역사회 및 민간자원 내부의 상황에 따라\n지속적으로 변화하기 때문에 주기적 관리를 위한 데이터베이스 구축 및 업데이트\n4. 주요자원연계 \n1)푸드뱅크 연계지원\n○ 기부식품등제공사업(푸드뱅크·마켓): 식품 및 생활용품 제조·유통기업 및 개인으로부터 식품 및 생활용품을 기부 받아 어려움을 겪고 있는 결식아동, 홀로 사는 어르신, 재가 장애인 등 소외계층에게 제공하는 사업\n○ 운영주체\n- 전국푸드뱅크 : 한국사회복지협의회\n- 광역푸드뱅크 : 시·도사회복지협의회 및 사회복지관련 기관·단체\n- 기초푸드뱅크, 푸드마켓 : 시·군·구사회복지협의회 및 사회복지관련 기관·단체\n○ 지원대상\n1 긴급지원대상자\n2 차상위계층(생계・의료급여를 받지 않는 주거・교육급여 수급자를 포함한다)\n3 생계・의료급여 수급신청 탈락자, 생계・의료급여가 중지된 사람, 기타 기부식품등 제공이 긴급히 필요한 저소득 재가 대상자 중 형편이 어려운 사람\n4 기초생활 수급자(생계・의료급여 수급자)를 말함(각종 조사 결과 반영, 상담 실시 등)\n* 이용자 선정은 지자체와 협의하여 결정\n* 단, 긴급지원이 필요한 대상자가 발굴된 경우에는 기부식품등을 선(先)지원하고, 지원 후 지자체 보고 및 지속지원 여부를 판단(긴급지원대상자란 「긴급복지지원법」 제2조에 열거된 위기상황에 처하여 도움이 필요한 사람, 기부식품 등의 긴급한 지원이 필요한 사람이 해당됨)\n○ 지원물품\n- 식품 : 가공식품(제과류, 즉석식품, 냉동식품, 통조림 등), 장류(장류, \n소스류, 기름류 등), 음료류, 신선식품(육가공류, 농산물), 제빵류 등\n- 생활용품 : 세제류, 휴지류, 수건류, 기저귀류, 신체 위생용품류, 여성\n위생용품류, 청소·환경 위생용품류 등\n○ 신청방법\n- 이용을 원하는 경제적으로 어려운 개인은 소재지 내 주민센터를 내방하여 상담 신청\n- 문의 : 대표번호<|start|>#@전번1#<|end|>(인근 기초푸드뱅크로 연결)\n○ 진행절차\n2)사회공헌활동 기부은행 연계지원\n○ 사회공헌활동 기부은행사업 : 돌봄이 필요한 만 65세 이상의 어르신에게 돌봄활동(말벗, 가사활동 등)을 제공하면 이를 돌봄포인트로 적립‧관리하고, 만 65세 이후에 본인‧가족‧제3자가 돌봄활동으로 제공받을 수 있도록 연계시키는 사업\n○ 운영주체\n- 한국사회복지협의회 : 사업계획 수립, 수행기관 공모‧선정 및 모니터링, 돌봄봉사자 교육 매뉴얼 개발, 정보시스템 구축 및 운영, 운영위원회 운영, 대국민 홍보 등\n- 지역별 사업수행기관 : 돌봄대상자 발굴 및 돌봄봉사자와의 연계‧관리, \n돌봄봉사자 모집‧교육‧관리, 돌봄포인트 관리, 사업추진을 위한 지역사회 내 협력체계 구축, 사업홍보 등\n○ 돌봄대상자\n- '돌봄활동을 제공받는 사람'중에 1가지 이상 해당하는 자로\n- 노인장기요양보험 등급외자인 만 65세 이상의 어르신\n- 적립(만 40세 이후)‧기부받은 돌봄포인트가 100포인트 이상인 만 65세\n이상의 어르신\n- 돌봄코디네이터, 전문가(사례관리자, 사회복지사 등)가 돌봄활동 제공이 필요하다고 추천하는 만 65세 이상의 어르신\n○ 돌봄봉사자 : 만 13세 이상으로 기초 교육을 수료받은 자, 2인1조 활동 권고\n○ 돌봄활동 범위\n- 인지활동 및 정서지원 : 말벗, 여가활동보조, 치매 및 우울증예방 등\n- 가사 및 일상생활지원 : 주변정돈, 식사보조 등\n- 주택 안전관리 : 가스안전 확인, 형광등 교체 등\n- 복지서비스 정보제공 : 돌봄대상자가 활용 가능한 복지프로그램 관련 정보 제공\n○ 수행기관 : 해당 지역별 기부은행(시‧군‧구 단위)\n- 문의 : 사회공헌활동 기부은행 정보시스템(<|start|>#@기타1#<|end|>)참조\n(소개 - 지역별 기부은행안내)\n○ 진행절차\n3)지역사회봉사단 연계·지원\n○ 지역사회봉사단 : 동아리(단체)가 가진 고유한 전문적 재능(의료, 이미용 등)을 지역사회 내에 있는 사회복지기관·시설·단체의 욕구에 맞춘 봉사활동(서비스)을 제공하는 전문봉사단\n4)지역별 자원봉사센터\n○ 사업내용 : 소외계층 주거환경 개선 등 지원을 위한 인적자원 필요시 시‧군‧구별 설치된 자원봉사센터를 통해 자원봉사자 배치 요청 가능\n3 새생명지원사업\n- 사업내용 : 1991년부터(주)문화방송과 함께 「MBC 어린이에게 새생명을. . . 」 특별생방송을 통해 조성된 성금으로 경제적 어려움에 처한 소아암·백혈병 어린이들을 지원하였고 2008년에는 지원 대상을 희귀난치질환까지 확대하는 등 정부의 의료비지원정책 사각지대에 놓인 환아와 가족들을 지원하기 위한 사업 진행\n- 신청대상 : 만 24세 이하 소아암·백혈병, 희귀난치병 질환자\n- 지원분야 : 진료비 본인부담금 지원\n- 선정\n5 ‘에쓰오일 Hope to You 캠페인’ 난방유 지원사업\n- 사업내용 : 동절기 기름보일러를 사용하는 취약계층 가정의 난방유 1가정 당 50만원 지원\n- 신청대상 : 저소득 조손가정, 독거노인가구, 장애인, 다문화\n- 신청기간 : 동절기(9월~12월 중)\n- 신청방법 : 사회복지기관 추천을 통한 온라인 접수 및 서류 전자우편 제출\n6)민간자원 연계확대 추진\n□ 연계망 확대\n○ 좋은이웃들 사업 확대를 위한 민간자원 연계\n○ 민간자원을 보유하고 있는 영향력 있는 단체와 MOU 추진\n※ 대한노인회 - 시도, 시군구지회(244개), 읍면동분회(2,256개), 경로당(66,929개)\n1 대한노인회\n○(MOU 체결)\n- 일시 : 2016. 1. 22(금)\n- 체결 : 한국사회복지협의회- 대한노인회\n○(추진내용)복지사각지대 발굴. 지원 연계 협력\n- 복지사각지대(노인단독가구. 노인자살)문제 발굴 및 지원 연계\n- 다양해지는 복지욕구에 탄력적으로 맞춤형 통합 상담서비스\n- “좋은이웃들” 수행기관 및 대한노인회 시군구 지회는 한국사회복지\n협의회와 대한노인회가 체결한 업무협약서(p.72)를 참고하여 자율적으로 시군구 지역별 세부 업무협약을 체결하고 상호협력 추진\n○ 주체별 역할\n2 한국의료지원재단\n○(MOU 체결)\n- 일시 : 2018. 12. 21(금)\n- 체결 : 한국사회복지협의회- 한국의료지원재단\n○(추진내용)의료 및 복지소외계층 상시 발굴. 지원 연계 협력\n- 저소득 환자 의료비 지원사업\n- 저소득 전자산업 재해 근로자 의료비 지원사업\n○ 주체별 역할\n- (한국의료지원재단)좋은이웃들 사업 수행기관에서 복지소외계층과 전자산업 재해 종사자 추천 시 적극 지원\n- (수행기관)좋은이웃들 사업 수행기관 대상자 중 의료비 지원이 필요한\n복지소외계층 및 전자산업 재해 종사자 발굴. 추천 안내 등 홍보 협력\n복지소외계층(취약노인)발굴. 지원확대를 위한 「한국사회복지협의회」. 「대한노인회」업무협약서 \n한국사회복지협의회와 대한노인회는 국정과제인 복지소외계층 발굴 및 민간자원 연계지원 좋은이웃들사업에 부응하고 지역사회 내 어려운 이웃인 취약노인을 발굴ᆞ지원하기 위하여 상호 협력해 나가기로 하고 다음과 같이 협약을 체결한다\n제 1조 목적본 협약서는 당사자 간에 신뢰를 바탕으로 복지사각지대 해소를 위한 상호 협력을 증진하는데 그 목적이 있다\n제 2조 기본운영 원칙본 협약서의 목적 달성을 위하여 신의 성실의 원칙에 따라 협력하며 당해 기관의 제 규정을 존중함을 원칙으로 한다\n제 3조 협력업무의 내용한국사회복지협의회와 대한노인회는 서로의 네트워크를 복지지원대상인 취약노인의 발굴 및 지원에 효과적으로 활용하는데 필요한 업무처리 등에 아래와 같이 상호 협력한다\n1 대한노인회는 좋은이웃들수행지역의 시군구지회 경로당 포함 가 복지소외계층 발굴에 적극 참여하도록 하며 이들에게 지원할 수 있는 대내외 자원연계 및 개발에 적극 협조한다\n2 한국사회복지협의회는 대한노인회를 통해 발굴된 복지소외계층 취약노인 에게 필요한 복지서비스가 제공될 수 있도록 대내외 자원연계 및 개발에 적극 지원한다\n제 4조 실무협의체한국사회복지협의회와 대한노인회는 이 협약의 효과적인 이행을 위하여 실무협의체를 구성 운영한다\n제 5조 협약의 이행본 협약은 협약체결시부터 효력이 발생하며협약의 종료는 양 기관이 협의하여 결정한다\n제 6조 기타이 협약에서 규정한 사항의 변경 해지 등 기타 필요한 사항은 양 기관이 협의하여 결정한다\nV. 홍보\n1. 홍보기획 \n1)홍보 정의\n○ 홍보(PR)은 대중과의 관계(Public Relations)에 기초한 개념으로, 알리고자 하는 내용을 대상에게 효과적으로 전달하는 통합적이고 개방적인 커뮤니케이션 활동\n○ 사회복지사업에서 홍보는 알리고 전달하는 홍보 고유의 기능에 공공교육의 기능과 예방의 기능을 포함\n2)홍보의 필요성\n○ 지역사회 주민 또는 관계기관 등에게 도움이 필요한 사람이 있다는 것을 알리고 자원제공에 대한 동기를 부여하며, 자원이 누구에게 어떻게 전달되고 있는지를 보고하고 이해관계자와의 보람과 만족을 공유하기 위해 필요\n3)홍보기획\n4)홍보유형\n5)홍보사진 및 이미지 사용 시 유의사항\n○ 홍보를 위한 사진촬영 시에는 자원봉사자, 대상자 등 사진에 포함되는 모든 사람의 동의를 얻어야 함. 사진을 보도자료, 홈페이지, 전단지, 브로슈어 등에 활용할 때는 관련 사항을 안내하고 별도 동의를 얻어야 함\n○ 직접 촬영한 사진 외 이미지파일을 사용할 경우, 저작권에 관련하여 개인 및 기업 등에서 활용이 가능한 사진인지 필히 확인을 거쳐야 함\n○ 특히 대상자의 신원이 확인되는 사진의 경우, 대상자의 동의에도 불구 원칙적으로 보도자료 및 홈페이지 등에 공개 ‧ 게시할 수 없음\n- 후원 확보 등을 위하여 부득이하게 공개하여야 할 필요가 있는 경우 얼굴 모자이크 처리, 가명 사용 등을 통해 대상자의 개인정보 및 사생활 보호에 유의\n2. 홍보활용 \n1)캠페인\n○ 캠페인명 : 좋은이웃들 사업 ‘소외계층 발굴의 날’ 캠페인\n○ 추진배경 : 지역 내 복지소외계층 발굴 상시화 및 좋은이웃들 봉사자의 참여 활성화를 위한 캠페인 운영\n○ 캠페인운영 : 매월 9일 및 사회복지주간(9월 둘째주)집중 운영\n- ‘돋보기로 찾는다’는 의미로 매월 9일(9, 돋보기 모양)을 ‘소외계층 발굴의 날’로 지정‧운영을 권장\n- 전국 수행기관에서 좋은이웃들 봉사자를 활용하여 읍·면·동 취약지역 및 복지사각지대를 순회\n- 복지소외계층 발굴 및 좋은이웃들 사업 홍보 등 정기적인 좋은이웃들 사업 캠페인 추진\n○ 관련 홍보물 : 현수막, 리플릿, 우수사례집, 스티커, 어깨띠 등 좋은이웃들 사업 홍보 및 복지소외계층 발굴 안내를 위한 홍보물 제작\n2)홍보물\n○ 홍보물리스트 \n○ 홍보물 자료 : 좋은이웃들 웹시스템 업무공유방에서 다운로드\n- 좋은이웃들 웹시스템 접속(<|start|>#@기타1#<|end|>)\n- ‘업무공유방’에서 다운로드 사용\n3)언론보도\n○ 지역신문·케이블방송의 활용\n○ 복지타임즈를 활용한 릴레이 홍보(<|start|>#@기타1#<|end|>)\n- 한국사회복지협의회 운영 인터넷 사회복지신문\n- 수행기관별 사회복지분야 뉴스와 정보(좋은이웃들 소식 등)를 릴레이 형태로 게제\n- 복지타임즈 기사게시 프로세스\nVI. 개인정보 보호개인정보 보호\n1. 개인정보보호법 \n1)개인정보보호법 개요\n○ 개인정보보호법 : 개인정보의 처리 및 보호에 관한 사항을 정하고 개인의 자유와 권리를 보호하며 나아가 개인의 존엄과 가치를 구현하는 법\n- 개인정보보호법 : 법률 제16930호, 시행 2020.08.05. \n- 개인정보보호법 시행령 : 대통령령 제32528호, 시행 2022.03.08. \n○ 주요내용\n- 개인정보의 수집, 이용, 제공 등 단계별 보호기준 마련\n- 주민등록번호 등 고유식별정보의 처리제한\n(주민등록번호 수집 법정 주의사항)\n- 개인정보 유출사실의 통지·신고제도 도입 등\n○ 법률 적용대상 및 범위\n- 적용대상 : 공공·민간부문의 모든 개인정보 처리자\n· 포털, 금융기관, 병원, 학원, 제조업, 서비스업 등 전체 사업자\n· 국회·법원·헌법재판소·중앙선거관리위원회 등 헌법기관\n· 부처, 지자체, 공사, 공단, 학교 등 전체 공공기관\n· 사업자 협회 · 동창회 등 비영리단체·개인 등\n- 적용범위 : 전자파일 외 동창회 명부, 민원서류, 이벤트 응모권 등 수기문서 포함\n※ 법 적용 일부 제외(법제58조제3항)\n○ 동창회, 동호회 등 친목도모 단체의 개인정보 처리는 개인정보 수집이용(법 제15조), 개인정보 처리방침(법 제30조), 개인정보 보호책임자 지정(법 제31조)적용 제외\n2)개인정보 처리 주요내용\n※ 개인정보 용어정의\n○(개인정보)성명, 주민번호 등을 통하여 살아있는 개인을 알아볼 수 있는 정보, 다른 정보와 용이하게 결합하여 개인을 알아볼 수 있는 정보, 위의 정보를 가명처리함으로써 원래의 상태로 복원하기 위한 추가 정보의 사용결합 없이는 특정 개인을 알아 볼 수 없는 정보(가명정보)\n- 성명, 주소, 전화번호 등 이외에 컴퓨터 IP주소, e- mail 등도 개인정보에 포함\n○(처리)개인정보의 수집, 생성, 기록, 저장, 보유, 가공, 편집, 검색, 출력, 정정, 복구, 이용, 제공, 공개, 파기 기타 이와 유사한 행위\n2 개인정보의 수집, 이용, 제공 등\n○ 개인정보 수집·이용·제3자 제공(법 제15조~제18조)\n- 개인정보 주체의 명시적 동의를 받은 경우 개인정보 수집·이용·제공 가능\n3 개인정보 처리 제한\n○ 민감정보 및 고유식별정보 처리제한(법 제23조, 제24조)\n○ 민감정보 및 고유식별정보의 처리는 원칙적으로 금지\n○ 정보주체에게 제15조제2항(개인정보 수집·이용)또는 제17조제2항(개인정보 제공)각호의 사항을 알리고 다른 개인정보처리 동의와 별도로 동의를 받거나, 법령에서 구체적으로 처리를 요구하거나 허용하는 경우에 한하여 처리 가능\n5 개인정보 처리 업무위탁 기준\n○ 내용\n- 제3자에게 개인정보 처리업무 위탁 시, 문서에 의하여야 함\n(법 제26조, 영 제28조)\n- 개인정보 처리자는 위탁사실을 정보주체가 쉽게 확인토록 공개\n(법 제26조 제2항)\n7 개인정보 침해신고\n○ 내용 : 개인정보에 관한 권리, 이익을 침해받은 사람은 보호위원회에 침해사실을 신고(법 제62조)\n○ 개인정보침해신고센터(한국인터넷진흥원 운영)\n- 보호위원회는 개인정보 침해 사실 신고, 상담신청 처리 등 업무를\n효율적으로 수행하기 위하여 한국인터넷진흥원을 개인정보침해신고센터 운영을 위한 전문기관으로 지정(법 제62조 제2항, 영 제59조)\n- 개인정보침해신고센터 : 국번없이<|start|>#@전번1#<|end|>, 홈페이지<|start|>#@기타1#<|end|>\n8 개인정보 유출 신고\n○ 1천명 이상의 정보주체에 관한 개인정보가 유출된 경우에는 정보주체에 대한 통지 및 조치결과를 지체 없이 보호위원회 또는 한국인터넷진흥원에 신고하여야 한다. \n9 정보주체의 열람, 정정·삭제, 처리정지권 보장\n○ 내용 : 정보주체는 자신의 개인정보에 대한 열람, 정정·삭제, 처리정지를 개인정보 처리자에 대해 요구할 수 있음(법 제35조~제37조)\n○ 개인정보 열람 요구 대응조치(영 제41조)\n- 내용적으로 10일 이내에 열람할 수 있도록 조치, \n- 해당 기간 내 열람할 수 없는 정당한 사유가 있을 경우 정보주체에게 그 사유를 알리고 열람 연기(사유가 소멸하면 지체없이 열람)\n○ 개인정보 정정·삭제, 처리정지 요구 대응조치(영 제43조, 영 제44조)\n- 내용적으로 10일 이내에 조치\n- 정보주체는 개인정보처리자에게 개인정보의 정정·삭제·처리정지 등을 요구하려면 개인정보처리자가 마련한 방법과 절차에 따라 요구\n<열람 제한사유>\n1)법률의 규정 2)타인의 생명, 신체, 재산 침해우려가 있는 경우\n3)공공기관의 조세부과 징수·환급, 교육기관 성적평가·입학자 선발, 채용 시험, 보상금 산정·감사조사 업무 \n2. 좋은이웃들 사업 적용\n1)개인정보 처리위탁 계약\n○ 복지소외계층 발굴 및 민간자원연계·지원사업과 관련하여 개인정보보호법 제26조(업무위탁에 따른 개인정보의 처리 제한)를 준수해야 함\n○ 한국사회복지협의회와 수행기관장이 사업 승인 시 개인정보위탁계약서를 작성하고 서명 또는 날인하여 1부씩 보관하며, 좋은이웃들 수행기관 담당자는 보안서약서를 작성하여 1개월 이내에 한국사회복지협의회로 제출\n2)개인정보 수집·이용·제공\n○ 개인정보 수집·이용을 위해서는 개인정보의 동의를 받고 수집 및 이용목적, 수집하는 기본 개인정보 항목, 보유 및 이용기관 등의 동의를 받아야 함\n- 민감정보(건강, 신체장애 등)의 수집·이용의 경우 민감정보에 대한 동의를 받아야 함\n- 고유식별정보(주민등록번호 등)은 원칙적으로 제공 받지 못함\n○ 개인정보 제3자 제공을 위해서는 개인정보를 제공받는 자, 개인정보를 제공받는 자의 이용목적, 개인정보 보유 및 이용기관 등의 동의를 받아야 함\n3)개인정보 수집·이용·제공 처리 \n1 복지소외계층(수행기관 보관)\n○ 수집대상 : 복지소외계층 대상자\n○ 개인정보 수집\n- 필수항목 : 성명, 생년월일, 성별, 연락처, 주소, 기초생활수급여부, 기초연금수급여부\n- 선택항목 : 사진\n○ 민감정보 : 건강정보, 가족사항, 대상유형, 주거유형, 상담내용(대상자욕구 및 문제, 필요한 서비스)\n○ 개인정보 및 민감정보 보유기간 : 3년\n○ 제3자 제공\n- 제공처 : 해당 지역 내 시. 군. 구청, 읍·면·동 행정복지센터, 국민건강보험공단, 한국사회복지협의회\n- 제공항목 : 개인정보 항목 및 민감정보 항목\n"
		}
	]
}