﻿{
	"data": [
		{
			"source_id": "S0000105",
			"title": "횡성군 민원행정 고객만족도 설문조사 용역보고서 2006.하반기",
			"publisher_company": "강원도",
			"category_main": "정치",
			"category_middle": "지방행정",
			"isbn": "CM00028603",
			"collection_name": "사업보고서",
			"contents_type": "공개",
			"issue_date": "2006",
			"corpus": "제1장 연구개요\nI. 연구배경 및 목적\n1. 연구의 배경민원행정서비스에 대한 만족도 조사는 한국행정연구원에서 1996년 조사모델과 방법을 개발한 이후 현재까지 지속적으로 수행하고 있는 중앙정부 및 지방정부의 과제이다. \n횡성군 민원행정서비스 만족도조사는 횡성군 종합민원실에서 제공하는 민원행정서비스를 이용한 지역주민과 이용객을 대상으로 하여 행정서비스의 전달체계와 그 서비스 과정에서의 공무원들의 행태와 민원제도 등에 대해 체감하는 만족도를 조사하고자 실시되었다. \n특히 상반기조사결과를 비교 대상으로 하여 하반기 고객 만족도의 수준을 평가하고 발전지향적인 고객중심의 행정서비스 체제를 구축하는데 있어 자료로 활용함으로써 횡성군이 제공하는 민원행정서비스의 질적 향상에 기여하고자 한다. \n▷ 친절하고 쾌적한 민원실\n▷ 고객중심의 초일류 민원 행정기관으로서의 위상정립\n▷ 이용고객에 대한 과학적 분석을 토대로 장기발전전략 수립\n▷ 고객만족도 제고를 위한 기초조사실시의 필요성 부각\n▷ 눈높이 민원행정의 실현\n2. 연구의 목적\n횡성군 종합민원실에서 제공하는 행정서비스의 고객인 이용자들로 하여금 민원행정서비스의 전달체계와 그 서비스 과정에서 공무원들의 행태와 민원 제도, 시설 등에 대하여 체감정도를 조사를 목적으로 하고 있다. \n횡성군 민원행정 서비스 고객만족도 조사는 구체적으로 다음과 같은 의의를 내포하고 있다. \n▷ 고객중심의 초일류 민원행정서비스의 실현\n▷ 고객만족도 제고 및 고객감동 지향\n▷ 불합리한 제도개선과 발전방향 제시\n▷ 맞춤형 민원행정 서비스 실현\n▷ 전자민원 행정구현을 위한 기초조사\n▷ 행정업무 분야별 만족도 제고\n▷ 행정서비스의 취약점과 개선방향을 도출\n▷ 과거의 고객만족도 결과와 비교하여 고객만족도 수준의 변화정도를 분석고객만족도 조사는 궁극적으로 평가대상이 되는 종합민원실로 하여금 고객중심의 행정서비스를 구현하며, 행정서비스의 질을 향상시킴으로써 횡성군의 경쟁력 제고를 궁극적인 목표로 하고 있다고 할 수 있다. \nII. 연구범위 및 방법\n1. 연구범위\n▷ 시간적 범위\n- 2006. 10. 27 ~ 2006. 11. 30(35일)\n▷ 공간적 범위\n- 횡성군 종합민원실\n▷ 내용적 범위\n- 서론(연구 개요로서 연구의 배경과 목적 및 범위 및 방법)\n- 민원 만족도 조사(민원서비스 시설, 민원업무 담당공무원의 친절도, 민원처리내용 중심)\n- 설문결과 분석\n- 상반기 조사결과와의 비교분석\n- 종합평가 및 발전방안\n2. 연구방법\n▷ 문헌연구 및 자료분석(literature study & data analysis)\n▷ 설문조사\n- 조사요원 : 2명의 설문조사원(투입전 사전교육 수료)\n- 조사기간: 2006년 11월 2일 ~ 2006년 11월 15일(10일간)\n- 조사장소: 횡성군 종합민원실\n- 조사방법: 1:1 면접식 설문조사 및 자기기입식 조사실시\n제2장 조사분석\nI. 조사설계\n1. 조사대상\n▷ 2006년 11월 2일부터 11월 15일까지 13일 중 공휴일과 휴일을 제외한 10일을 선정하여 횡성군 종합민원실의 민원행정서비스를 이용한 민원인 중 인 524명을 대상으로 함. \n(단, 민원실을 이용한 개인만을 그 대상으로 하였고, 민원대행업무를 보는 법무사 등의 기관이나 단체는 제외하였음. )\n▷ 모집단 및 표본추출방법\n- 1단계: 전체 민원행정서비스 이용자를 대상으로 하였음. \n- 2단계: 민원분야별로 균형 있는 결과 도출을 위하여 가능한 범위내에서 샘플을 통제하고자 하였음. (6개 민원업무별)\n- 3단계: 최초 500명에서 524명으로 조사대상이 증가한 이유는 상대적으로 낮은 샘플수를 기록한 업무분야에 대한 조사를 추가적으로 실시하고자 하였으나 민원인이 적은 관계로 소기의 목적은 달성하지 못하였음. \n※ 2006년 상반기 고객만족도 조사에서 민원인들의 지역별 분배를 통하여 결과를 도출한바, 유의한 수준으로 분석되지 않아 하반기 조사에서는 지역별 안배는 배제하였음. \n2. 조사기간 :\n▷ 2006년 11월 2일 ~ 11월 15일(10일간)\n▷ 조사도구: 구조화된 조사표(Structured Questionnaire)\n▷ 설문조사실시:\n- 설문조사는 조사대상자 524명에 대하여 횡성군 종합민원실내에서 실시하였으며, 설문에 참여한 대상자들에게는 소정의 설문기념품을 제공함. \n- 사전교육을 받은 2명의 조사원들이 1:1 면접식 조사방법과 자기기입식 방법으로 설문조사를 실시함. \n3. 설문지 구성\n민원행정서비스에 대한 이용고객의 만족도를 평가하기 위한 설문문항은 중앙행정기관 대국민 행정서비스에 대한 공공고객 만족도 조사에 이용된 설문과 광역지방자치단체의 만족도 조사에 이용된 항목중에서 추출하였으며 크게 민원시설, 서비스, 민원처리, 인구통계적인 요소로 구성하였다. \n세부설문 항목은 민원행정 시설과 관련한 5개 문항과 민원안내 서비스 및 친절도와 관련한 5개 문항, 민원처리와 관련한 7개 문항, 인구통계적인 항목 4개, 기타 1개로 총 22개 항목으로 구성하였다. \n상반기 조사에 활용된 설문항목에서 분야별 종합만족도에 대한 설문항목은 제외하였으며, 업무담당자와 민원처리부서의 업무처리방법에 대한 설문이 추가되었다. \n설문문항은<|start|>#@이름1#<|end|>에 의해 개발된 총화평정법에 의한 척도구성법인 Likert 5 level scale로 등간척도 문항을 구성하였다. \n4. 분석방법\n수집된 자료에 대한 분석방법은 통계적 방법을 적용하였는데, 통계처리는 Data- Coding 과정을 거쳐 통계패키지인 SPSS for win 12.0을 활용하여 분석하였다. \n수집된 자료의 분석을 위해 기술적 통계(descriptive statistics)는 모든 변수의 빈도분석표와 기술통계량을 제공받고자 평균(mean), 표준편차(std. )등을 적용하였다. \n성별에 따른 차이검증을 위하여 T- test가 사용되었으며 연령별, 거주지별, 민원업무별 차이에 따른 만족도의 비교분석을 위하여 분산분석(ANOVA)을 실시하였다. \n만족도 산정방식은 항목별로 5점 척도를 사용하였다. 매우만족은 1점, 매우불만족은 5점으로 측정하고 이것을 다시{(i-1)/4}×100을 통해 100점 척도로 환산하였다. \nII. 분석결과\n1. 표본의 특성본 연구에는 자기기입식 및 1:1 면접식으로 수집된 총 524부의 설문이 유효표본으로 분석에 활용되었다. \n인구통계학적인 특성을 파악하기 위하여 빈도분석을 실시하였으며, 분석결과는 아래와 같이 나타났다. \n설문 응답자의 성별 구성 특징을 보면 남성이 303명으로 57.8%, 여성이 221명으로 42.2%로 남성이 다소 많은 것으로 나타났다. \n연령별로는 20대가 127명으로 24.2%, 30대가 199명으로 38.0%, 40대가 140명으로 26.7%, 50대가 52명으로 9.9%, 60대 이상이 6명으로 1.1%로 나타나 전체적으로 고르게 분포를 하고 있는 것으로 나타났으나, 상반기 조사와 비교하면 50대와 60대가 상대적으로 낮게 나타났다. \n민원분야별로는 여권, 주민등록, 인감 등 일반민원에 대한 응답자가 117명으로 나타나 22.3%의 비중을 차지하고 있었으며, 농지, 산지전용 허가 등 허가민원이 128명으로 24.4%를 점유하였다. \n개별공시지가, 개발 부담금 등 부동산관리민원이 94명으로 17.9%, 지적측량 검사 등 지적관리민원이 79명으로 15.1%, 토지정보민원이 70명으로 13.4%, 건축관리 민원이 36명으로 6.9% 순으로 나타났다. \n상반기 조사는 우편설문을 중심으로 하여 민원분야별 균형을 유지하는 데 어려움이 있었으나, 이번 조사는 가능한 민원업무분야별 만족도를 평가하기 위하여 민원업무별로 세분하여 설문조사가 이루어졌다. \n단, 건축관리 민원은 그 샘플이 작다는 한계성을 가지고 있다. \n거주지별 특성을 보면 횡성지역이 392명으로 84.8%, 횡성이외의 지역이 132명으로 25.2%로 나타났다. \n횡성지역을 세분하면 횡성읍이 251명으로 47.9%를 차지하고 있었으며, 그 외에 공근면이 46명으로 8.8%, 서원면이 8명으로 1.5%, 우천면이 19명으로 3.6%, 안흥면이 14명으로 2.7%, 둔내면이 31명으로 5.9%, 갑천면이 17명으로 3.2%, 강림면이 2명으로 0.4%, 청일면이 4명으로 0.8%의 비중으로 조사되었다. \n상반기 조사결과와 비교하면 횡성이외 지역에서 민원업무를 처리하기 위해 방문한 빈도가 2배정도 증가한 것으로 나타났다. \n2. 민원행정 서비스 시설에 관한 만족도 분석결과\n가. 접근성에 대한 만족도 분석결과\n민원처리를 위하여 종합민원실까지의 접근성과 관련한 이용고객들의 만족도 평가는 평균71.14점으로 나타났다. \n조사대상자중 111명이 매우 쉬웠다라고 응답하였으며 쉬운 편이라고 응답한 사람이 250명으로 69%이상이 75점 이상으로 평가하고 있었으나, 보통과 보통이하로 평가한 응답자가 163명으로 나타나 종합민원실까지의 접근성에 대한 만족도는 전체평균 71.14점으로 나타났다. \n횡성군에 거주하고 있는 민원인이 많아 접근성에 대한 만족도는 높은 수준으로 나타나고 있었다. \n어려웠다라고 평가한 응답자와 매우 어려웠다라고 응답한 이용자가 22명으로 분석되어 접근성에 대한 만족도는 현재 수준을 유지할 필요성이 있다고 하겠다. \n나. 주차장 이용에 대한 만족도 분석결과\n종합민원실의 주차장 이용과 관련하여 이용자들의 만족도는 63.79점으로 나타나 상반기 만족도조사결과에서 분석된 57.94점보다 많이 개선된 것으로 분석되었다. \n응답자중 52명이 25점 이하로 평가한 반면, 300명이 75점 이상으로 평가하고 있어 만족도가 상당수준으로 제고된 것으로 분석되었지만 이제야 만족 정도의 수준에 도달한 것으로 평가되었다. \n승용차를 이용하여 종합민원실을 방문하는 방문객 수는 지속적으로 증가하고 있고, 향후 더욱 증가할 것이므로 주차공간의 확보, 주차안내 등의 시설의 확충에 대해서는 지속적인 관심과 고려가 필요하다. \n다양한 만족도 조사에서 주차장의 확보와 이용이 전체적인 고객만족도에 지대한 영향을 미치고 있는 것으로 나타나고 있다. \n다. 편의시설 이용에 대한 만족도 분석결과\n종합민원실내에 설치된 시설 및 편의시설(인터넷이 가능한 컴퓨터, 음료자판기 등)에 대한 조사대상자들의 만족도는 73.76점으로 상반기 69.25점보다 약 5점 정도 개선된 것으로 나타났다. \n75점 이상으로 평가한 응답자가 약 400명으로 대다수로 나타나며, 불편하다와 매우불편하다라고 평가한 응답자는 4명뿐인 것으로 나타나 편의시설에 대한 만족도는 매우 높은 것으로 분석되었다. \n2005년 종합민원실 시설 정비 이후 편의시설 부분이 다른 요소에 비해 많이 개선된 것으로 평가받고 있으며, 2006년 상반기 조사결과와 비교하여서도 상당수준으로 개선된 것으로 나타났다. \n라. 민원창구 이용에 대한 만족도 분석결과\n민원인과 민원업무를 담당하는 담당자 사이의 민원창구 테이블의 높이와 폭, 담당자와의 거리 등에 관한 만족도는 72.61점으로 나타나 상반기와 비교하여 7점 이상 개선된 것으로 평가되었다. \n374명이 75점 이상으로 평가하였고, 142명이 50점 수준으로 일반적이다라고 평가한 반면 8명은 25점 이하로 평가하고 있지만, 현재보다 높은 수준으로 고객과 밀착하기 위해서는 민원인과 가까이할 방법의 일환으로써 민원처리 데스크에 대한 개선을 심도있게 고려하여야 할 것이다. \n마. 종합민원실 시설부분의 문제점 및 개선방안\n종합민원실의 시설에 대한 문제점과 개선방안에 대한 이용고객들의 지적과 개선내용에 대한 평가는 다음과 같이 나타났다. \n▷ 주차장확충 및 본관 주차장의 2층화\n▷ 창구시설확충(은행 상담창구)\n▷ 민원창구의 세부업무를 민원인이 알아보기 쉽게 표기개선\n▷ 민원인 대기실 파티션 설치\n▷ 상담시 거리감: 민원테이블을 편안하고 부드러운 느낌이 들도록 교체\n▷ 계산기 등 비치\n▷ 무료 자판기 설치와 현행 자판기를 민원인들이 많이 다니는 동선으로의 이동설치와 관리 철저\n3. 민원안내서비스 및 친절도에 대한 만족도 조사결과\n가. 민원신청 및 처리절차에 대한 안내서비스 만족도\n민원신청과 고객이 요청한 민원의 처리절차 등에 관하여 민원실에서 제공하고 있는 안내 서비스에 대한 만족도는 67.94점으로 만족수준으로 나타났다. \n민원인이 직접 방문하여 민원을 신청하고 해당 업무의 처리절차에 대해 제공받는 안내서비스에 대하여 매우 쉬웠다고 57명이 평가한 반면, 25점 이하로 평가한 응답자가 5명으로 나타났다. \n이는 상반기 분석결과와 32명과 비교하면 크게 개선된 것이며 전체 만족도도 상반기 63.03점에서 67.94점으로 약 5점이 개선된 것으로 분석되었다. \n나. 안내서비스 담당 공무원의 친절도 대한 만족도\n민원실 내에서 민원업무에 대한 안내서비스를 담당하는 공무원에 대한 고객들의 평가에서는 349명이 75점 이상으로 평가하였으며, 8명이 25점 이하로 평가하고 있었다. \n전체 만족도는 70.32점으로 대체적으로 만족하고 있는 것으로 분석되고 있으며, 상반기 만족도 66.23과 비교하면 70.32점으로 안내서비스 담당자들의 업무개선 노력이 있었던 것으로 판단된다. \n전체적인 인력운용에 대해 어려움이 없다면 현재의 상태를 유지할 수 있도록 지원하는 것이 필요한 것으로 평가된다. \n다. 민원창구 담당공무원의 친절도에 대한 만족도\n조사에 응한 응답자들이 이용한 민원분야의 담당 공무원들의 친절도 수준에 대한 민원인들의 만족도는 72.42점으로 매우만족하고 있는 것으로 분석되었다. \n75점 이상으로 평가한 응답자가 367명이었으며, 25점 이하로 평가한 응답자가 12명으로 낮게 나타났다. \n상반기 만족도 조사결과에서 나타난 만족도 68.13점과 비교하면 약 5점정도가 높게 평가되고 있어 업무담당 공무원들의 친절도가 크게 향상되고 있는 것으로 평가된다. \n라. 전화/인터넷을 이용한 민원상담시 담당자의 친절도에 대한 만족도\n21세기는 온라인시대라고 할 만큼 지식과 정보의 흐름이 오프라인에서 온라인으로 이동하고 있고, 이런 사회적 변화는 전화나 인터넷 등을 이용한 민원처리 시도가 크게 증가하고 있다. \n직접방문에 앞서 전화나 인터넷 등을 이용한 민원처리와 접수 등에 관한 상담과 문의에 대한 응답자들의 만족도는 67.22점으로 만족수준으로 평가되었다. \n그러나 불친절하였다와 매우불친절하였다라고 응답한 응답자가 31명으로 상반기와 비교하여 증가하였다. \n상반기 만족도 63.80과 비교하면 만족도 수준이 약간 높게 평가된 것은 사실이나 25점 이하로 평가하고 있는 집단이 증가하고 있어 이에 대한 대책을 수립하여 향후 온라인을 이용한 전자민원의 신청과 처리가능 수준이 급속도로 발전하고 증가할 것으로 예측된다. 따라서 직접방문이 아닌 온라인을 이용한 민원인들의 상담과 관련한 만족도를 높일 수 있는 방안의 마련이 필요하다고 하겠다. \n마. 종합민원실 민원안내서비스와 친절수준에 대한 문제점 및 개선방안\n종합민원실의 민원 안내서비스와 담당공무원의 친절서비스에 대하여 이용객들이 제기한 문제점과 개선방안은 다음과 같다. \n▷ 담당공무원들이 친절 서비스 예절교육 필요(현재 형식에 얽매여 있음)\n▷ 마음에서 우러나오는 이웃과 같은 편안한 서비스가 필요함. \n▷ 안내와 인사법에 대한 교육이 필요함(현재 너무 경직되어 있음. )\n▷ 업무담당자의 부재시, 대체 인원이 반드시 있어야 함. \n▷ 민원서류 작성시 안내나 협조를 해주는 담당자 필요(공익요원 등 활용)\n▷ 민원신청자에 대한 자세한 안내와 설명이 필요함. \n▷ 민원실 전체안내도를 현관 입구에 비치\n4. 민원처리에 대한 만족도 조사결과\n가. 민원신청 및 처리절차에 대한 만족도\n민원실을 방문하여 직접 민원을 신청하고, 신청한 민원의 처리절차에 대한 응답자들의 평가는 68.85점으로 상반기 59.42점과 비교하면 약 10%로 높은 수준으로 개선된 것으로 분석되었다. \n응답자중 365명이 75점 이상으로 평가하였고, 17명이 25점 이하로 평가하고 있어 대체적으로 만족하고 있는 수준으로 평가되었다. \n나. 민원처리의 신속성에 대한 만족도\n신청한 민원처리의 신속성에 대한 만족도는 70.28점으로 상반기의 59.18보다 11.1점이 개선된 것으로 나타나 전체항목중 가장 높은 수준으로 개선된 것으로 파악된다. \n응답자중 354명이 신속하게 처리되고 있다고 응답하였으며, 12명의 응답자만이 처리에 시간이 많이 걸린다고 평가한 것으로 나타났다. \n일반적으로 시간개념이 포함된 항목은 일반적으로 만족도의 수준이 낮게 조사되는 것이 일반적이나 하반기 만족도 조사에서는 이 부분에 대한 개선이 두드러지게 나타났다. \n다. 민원처리 공정성에 대한 만족도\n신청한 민원의 처리와 관련하여 업무담당자가 공정하게 처리하고 있는가에 대한 만족도 결과는 70.47점으로 나타났다. 이는 상반기의 65.82점 보다 약 5점이 개선되어 공평한 민원처리에 대한 민원인들의 평가가 높은 반면 상대적으로 공정하지 못한편이라고 평가한 응답자수는 4명으로 조사되어 전반적으로 발전지향적 항목으로 분석되었다. \n상반기의 평가에서 공정성에 대한 평가가 더욱 높아질 것으로 예측되었는데 하반기 평가에서 분명하게 나타나고 있으며 향후의 조사결과에 있어서도 공정성 항목은 보다 높은 만족도 수준으로 평가될 것으로 사료된다. \n라. 민원처리과정/결과에 대한 담당자의 충분한 설명에 대한 만족도\n민원을 신청하는 민원인들은 일반적으로 본인이 신청하는 민원의 처리과정과 결과에 대하여 충분한 지식을 갖지 못한 것이 일반적이다. \n따라서 신청한 민원에 대한 관련법과 이에 근거한 진행 및 처리에 대한 자세한 설명과 정보를 민원창구의 업무담당자로부터 구하고자 하나 일반적으로 많은 민원인의 내방과 민원신청 및 담당공무원의 수적 한계 등의 문제로 말미암아 충분히 이루어지지 않는다. \n2006년 상반기의 이 항목에 대한 만족도 평가점수는 62.03점으로 다소 낮게 나타났지만 하반기의 평가에서는 71.04점으로 전반적으로 높은 수준으로 만족하고 있는 것으로 평가 받고 있다. \n마. 민원처리 만족도 제고를 위한 업무담당자의 자리배치\n종합민원실에서 행정서비스를 이용하는 고객의 만족도를 높이기 위하여 각 업무부서별로 최일선에 창구직원을 배치하고, 신속하고 밀착된 대고객서비스를 위하여 담당계장이 이선에 자리하며 담당계원은 그 다음 순으로 자리를 배치하고 있다. \n이런 사실에 대한 민원인들의 인지도에 대한 설문항목에 대하여 약 67%가 모르고 있는 것으로 조사되었으며 32%만이 인지하고 있었다. \n따라서, 민원인들의 각종 편익과 대민 서비스 개선을 위하여 다양한 노력을 하고 있다는 것을 홍보하기 위한 방안이 도출 되어야 할 것으로 판단된다. \n바. 자리배치가 민원인 만족도 제고에 대한 기여도\n민원업무의 신속한 처리와 대고객 서비스의 질적 수준을 제고하여 고객의 만족도를 높이기 위한 자리배치가 만족도를 높이는데 기여하고 있는지에 대한 설문항목에 대하여 71.56점으로 높게 평가하고 있는 것으로 나타났다. \n이는 설문 조사시에 이 사실을 인지하였다 하더라도 종합민원실에서 다양한 형태로 서비스를 개선하기 위해 노력하고 있다는 것을 알게 되어 이런 결과가 도출된 것으로 사료된다. 따라서 이런 내용에 대한 보다 적극적인 홍보가 이루어져야 하겠다. \n사. 종합민원실 민원 처리에 대한 문제점 및 개선방안\n종합민원실의 민원 처리에 대하여 조사대상자들이 제시한 문제점과 개선 방안은 다음과 같이 요약 정리되었다. \n▷ 민원신청과 처리과정 등을 한눈에 알아볼 수 있는 매뉴얼화 된 안내판이나 안내도 필요\n▷ 민원서비스의 One- Stop화\n5. 성별 비교분석 결과\n가. 민원행정 시설관련 T- test분석결과\n2006년 상반기 조사결과와 비교하면 모든 항목에 대하여 만족도 수준이 제고 된 것으로 분석되었다. 민원행정시설과 관련하여 상반기 조사에서는 남성과 여성간에 만족도 차이가 최소 1.7점에서 4점 정도 차이가 있는 것으로 나타났으나, 하반기의 분석결과는 남성과 여성간에 차이가 거의 없는 것으로 나타났다. \n다만 민원창구 테이블의 높이와 폭, 민원업무 담당자와의 거리등에 있어 여성에 비해 남성고객들이 3.75점 이상 만족도가 낮은 것으로 분석된다. \n따라서 민원창구의 테이블의 개선이나 보수가 필요하다고 하겠다. \n특히, 주차장이용과 관련하여서는 상반기와 비교하여 만족도의 수준이 약간 높아졌으나 시설분야에 대한 항목중 가장낮은 63점 수준으로 전체 응답자들의 만족도는 보통수준으로 나타나, 지속적으로 주차장시설과 운영에 대한 개선이 필요하다. \n나. 민원 안내서비스 및 친절도 관련 T- test분석결과\n민원신청과 신청한 민원의 처리절차, 민원실 이용과 민원처리에 대한 안내서비스, 안내서비스를 제공하는 담당자의 친절도, 민원창구의 담당 공무원의 친절도, 온라인 상담에 관한 만족도 평가항목에서는 성별 차이는 낮게 나타났다. \n만족도는 현관 입구쪽에서 제공하는 안내서비스와 민원창구의 민원담당 공무원의 친절도가 만족수준인 70점대 로 평가되었다. \n그러나, 민원신청과 처리절차에 대한 안내서비스와 전화나 인터넷을 이용한 민원상담과 관련한 항목은 60점대의 평균을 가지고 있는 것으로 분석되어 향후 개선방안에 대한 논의가 있어야 할 것으로 사료된다. \n다. 민원처리 관련 T- test분석결과\n이번 조사에서는 민원인들의 만족도를 제고하기 위하여 민원업무 담당자들의 자리배치에 대한 내용을 고객들이 인지하고 있는지와 이런 노력들이 만족도에 어떤 영향을 미치고 있는지를 평가하였다. \n전체적으로 여성의 만족도가 남성보다 높게 나타났고 상반기와 비교하여 큰폭으로 만족도가 증가하였다 다만, 민원신청과 민원처리절차에 대한 만족도 항목만이 60점대로 평가되고 있다. 따라서 지속적으로 이를 보완할 수 있는 방안이 강구되어야 할 것이다. \n6. 분산분석(ANOVA; analysis of variance)결과\n가. 연령별 분산분석\n1)연령별 민원시설관련 분산분석응답자들의 연령대별 평균차이를 비교하여 통계적으로 유의한 차이가 발견되지 않았고, 따라서 만족도 수준을 비교분석하였다. \n종합민원실의 주차장이용에 대한 항목에 대한 만족도는 전체적으로 67.75점으로 나타났으며, 60대 이상의 응답자는 80점 수준으로 평가하고 있었다. \n전체적으로 시설관련 항목중 연령별 차이가 없는 수준에서 가장 낮게 평가된 내용은 주차장에 대한 만족도로 분석되었으며, 향후 중점개선항목으로 선정하여 집중관리가 이루어져야 할 것으로 판단된다. \n종합민원실내의 편의시설에 대해서는 나이가 많은 이용객일수록 높은 수준으로 만족하고 있는 것으로 나타나고 있으며, 민원창구의 편리성에 대한 항목에서는 20대를 제외하고 연령층에 따라 만족도가 높은 것으로 나타났다. \n2)연령별 민원안내 서비스 및 친절도에 관한 분산분석전체적으로 만족수준으로 평가되고 있었으며, 특히 담당공무원의 친절도 항목에 대한 만족도는 76.95점으로 상반기와 비교하여 큰폭으로 개선되어 매우 높은 수준으로 평가되고 있었다. \n민원신청과 처리절차에 대한 설명과 안내에 대한 만족도와 전화나 인터넷을 이용한 만족도 수준은 상대적으로 낮게 평가 되고 있어 민원인들이 민원신청과 처리과정에 대한 내용을 쉽게 알 수 있도록 하는 부분과 지속적으로 증가할 온라인 민원에 대한 대비 차원에서 이에 대한 준비가 필요하다고 판단된다. \n3)연령별 민원처리에 관한 분산분석\n연령별 민원처리과 관련한 항목중 상반기 분석결과 모두 70점 이하로 평가되었으나 하반기 평가결과는 모두 71점 이상으로 크게 향상된 것으로 분석되었다. \n특히, 신속한 민원처리 항목에 대한 만족도가 높아졌다. 처리에 걸리는 시간에 대한 평가는 일반적으로 낮은 만족도 수준으로 나타나는데 상반기와 비교하여 크게 향상되었다. \n업무 담당 공무원들의 공정성에 대한 항목은 상반기에 이어 가장 높은 수준으로 평가되고 있는 것으로 나타났으며 전체 항목에서 고르게 만족도 수준이 제고된 것으로 평가된다. 따라서, 향후 이런 평가가 지속될 수 있도록 관리되어야 할 것으로 판단된다. \n나. 민원분야에 따른 분산분석\n1)민원시설관련 만족도 분산분석응답자들이 제공받은 민원서비스 분야별 접근성에 대한 만족도는 평균 72.70점으로, 주차장과 관련한 만족도는 61.85점, 편의시설이용과 관련한 만족도는 74.60점, 민원창구 테이블의 이용 만족도는 72.65점으로 평가되었다. \n전체 항목들이 모두 72점 이상의 높은 수준으로 평가되고 있지만 주차장 이용과 관련한 항목의 만족도는 60점 수준으로 편차가 10점 이상으로 나타났다. 이는 상반기 결과보고서에서도 지적한바있지만 주차장이용과 관련한 특단의 대책이 있지 않는 한 이 항목에 대한 만족도 수준은 크게 개선되지 않을 것으로 판단된다. \n민원실 내의 편의시설 이용과 관련한 만족도는 상반기에 이어 가장 높은 수준으로 만족하고 있는 것으로 평가되고 있다. \n민원서비스 시설에 대한 민원분야별 만족도 차이는 크게 없는 것으로 분석되었다. \n민원신청과 민원의 처리절차가 어떻게 진행되는지를 민원인이 쉽게 파악할 수 있도록하는 서비스에 대한 만족도 분산분석결과는 전체적으로 68.90점으로 상반기의 61보다 높게 평가되었다. 그러나, 부동산 관련민원을 의뢰한 민원인들의 만족도는 상반기에 이어 상대적으로 낮은 65.75점으로 평가되었는데 이는 민원의 처리과정과 절차가 복잡한 것에서 기인한 것으로 판단된다. \n안내서비스 담당자의 친절도에 대한 평가는 평균 70.75점으로 만족 수준 이상으로 나타나고 있었다. \n개별 창구의 민원담당 공무원의 친절도에 대한 응답자들의 평가에서도 평균 73.60점으로 상반기 67점에서 약 6점 정도로 크게 향상된 것으로 나타났다. \n그러나, 온라인을 이용한 민원상담에 대한 만족도 조사결과는 민원안내 및 친절도 전체 항목중에서 가장 낮은 67.25점으로 평가되었고 이는 상반기 만족도 평가와 동일하게 나타났다. 따라서 온라인상의 민원안내와 처리에 관련한 대책이 수립되어야 할 것이고 이는 중앙정부와 지방정부가 지향하고 있는 전자민원서비스를 대비해서도 선결해야할 과제라 판단된다. \n3)민원처리에 대한 만족도 분산분석\n응답자들의 민원신청과 신청한 민원의 처리절차에 대한 민원인 자신들의 파악 정도에 관한 만족도는 69.05점으로 전체 항목중 가장 낮게 평가되고 있는 것으로 나타났다. 이는 민원인들이 민원실에 들어와 개별창구에서 자신에게 필요한 민원을 처리함에 있어 충분한 지식을 가지고 있지 않는 것에서 기인하고 있으나 향후 민원인들이 민원의 신청과 처리과정과 절차에 대해서 쉽게 알 수 있도록 하는 노력이 수반되어야 할 것으로 사료된다. \n민원처리의 신속성과 공정성 항목은 70.10과 70.90점으로 평가되었고, 민원서비스의 만족도를 제고하기 위한 담당공무원들의 자리배치가 만족도 제고에 크게 기여하고 있는 것으로 평가하여 민원처리 항목중 가장 높은 72.00점으로 분석되었다. \n전체적으로 상반기 조사결과와 비교하면 만족도 수준이 크게 향상된 것으로 평가되고 있다. \n나. 거주지별 분산분석\n1)민원시설관련 만족도 분산분석전체 항목에 있어서 만족도는 평균 70.25점에서 72.95점 사이에 분포하고 있었으며 이는 상반기 조사결과와 비교하여 큰 수준으로 개선된 것으로 평가된다. \n종합민원실까지의 접근성에 대한 만족도평가는 71.65점, 주차장이용에 대한 항목은 71.85점, 편의시설에 대한 항목은 72.95점, 민원창구 테이블에 대한 항목은 70.25점으로 나타나 전체 항목중에서 가장 낮은 수준의 만족도를 나타내고 있는 민원창구의 테이블에 대한 개선의 필요성에 대한 구체적인 논의가 진행된다면 향후 고객 만족도 제고에 다양한 형태로 기여할 것이라 판단된다. \n2)민원안내 및 친절도에 대한 만족도 분산분석\n직접적으로 대민 서비스를 제공하는 민원창구의 담당 공무원의 친절도가 78.90점으로 가장 높은 만족도를 보인 반면, 안내서비스의 이용과 온라인을 이용한 상담자의 친절도에 대한 만족도는 상대적으로 낮은 63.15점과 67.80점으로 나타났다. \n응답자들의 거주지역별로는 통계적으로 유의한 차이가 있는 항목과 없는 항목이 존재하기는 하지만 이를 구분하여 분석하는 것보다 만족도 수준을 비교하는 것이 더욱 의미있는 것이라 판단된다. \n3)민원처리에 관한 만족도 분산분석\n5개 항목 모두 70점 이상으로 나타나고 있어 대체적으로 만족하고 있는 것으로 분석되었지만, 특히 민원처리의 신속성에 대한 평가는 75점이상으로 나타나고 있어 매우 높은 만족도를 보이고 있다. \n다음이 민원처리에 대한 담당 공무원들의 공정성으로 73.85점으로 나타나고 있어 민원현장을 담당하는 담당자들의 대민 서비스가 크게 향상되고 있다는 것을 민원인들이 체감하고 있는 것으로 보인다. \n상반기의 조사결과와 비교하면 크게 향상된 것으로 분석된다. 상반기의 민원처리절차에 대한 만족도는 58.73점이었고, 신속한 민원처리에 대한 만족도는 60.08점, 민원처리의 공정성에 대한 만족도 평가는 65.45점, 민원처리에 대한 충분한 설명에 대한 만족도는 62.95점 이었으나 하반기의 분석결과는 모두 70점 이상으로 나타나 5~10점 수준으로 크게 향상된 것으로 조사되었다. \n전체 민원처리와 관련한 만족도에 대해서 집단간의 유의한 차이가 있는 것으로 나타나지만 이를 분석하여 만족도 제고를 위한 기준으로 삼는데 있어서는 어려움이 있는 것으로 분석되어 집단간의 평균을 비교분석하는 것으로 정리하였다. \n제3장 종합평가 및 발전방안\nI. 종합 평가\n1. 민원행정 시설에 대한 만족도\n▷ 민원행정 시설에 대한 종합만족지수는 70.33점으로 상반기에 비해 4.32점이 높아졌음. \n▷ 접근성에 대한 만족도는 71.14점으로 상반기 조사에 비해 만족도가 약간 낮아졌으나 통계상의 의미를 부여하기는 어려움. \n▷ 종합민원실의 주차장 이용에 대한 만족도는과 관련한 만족도는 63.79점으로 평가항목중 가장 낮게 평가됨. \n▷ 편의시설에 대한 만족도는 73.76점으로 시설부분에서 가장 높은 만족도를 유지함. \n2. 민원안내 서비스 및 친절도\n▷ 민원 안내서비스에 대한 종합만족도는 상반기에 비해 4.18점 향상된 것으로 평가되었음. \n▷ 안내서비스 담당자의 친절도에 대한 만족도는 70.32점이었으며 민원창구 담당자의 친절도는 높은 수준인 72.42점으로 평가되었음. \n▷ 민원의 신청과 처리절차에 대한 안내서비스에 대한 만족도는 상대적으로 낮게 평가되고 있음. \n▷ 전화나 인터넷을 이용한 온라인 상담시 담당자의 친절도에 관한 만족도는 67.22점으로 상반기와 비교하여 향상되었으나 추후 보다 보완된 대책이 필요함. \n3. 민원행정 처리\n▷ 민원처리에 대한 종합적인 만족도는 상반기 65.30점에서 하반기에는 70.16점으로 약 5점 향상되어, 담당자들이 많은 노력을 경주하였음을 알 수 있었음. \n▷ 민원처리과정에 대한 창구 민원담당자들의 설명에 대한 항목은 만족도가 큰폭으로 향상되었음. \n▷ 담당 공무원의 민원처리 공정성에 대한 만족도는 70.47점으로 다소 높은 만족도 수준을 보이고 있음. \n▷ 민원처리의 신속성 항목은 70.27점으로 만족하고 있는 수준으로 평가되었음. \n▷ 미원의 신청과 개별민원의 처리절차 등에 관한 안내와 관련하여서는 68.85점으로 타항목에 비해 상대적으로 낮은 만족도를 기록하고 있음. \nII. 발전방안\n1. 만족도 평가와 비교분석을 통한 문제점 탐색\n▷ 2006년 상반기 조사결과에서 도출된 만족도 점수와 순위를 하반기 결과와 비교하여 연결한 결과 편의시설 항목이 가장 만족도가 높게 평가되었음. \n▷ 각 차원에 대한 종합만족도는 세부항목간의 분석에 영향을 미칠수 있어 하반기 설문에서는 배제하였음. \n▷ 민원인들이 가장 불편하게 느끼고 있는 것은 주차장시설로 나타났으며, 상·하반기 만족도 조사결과에서도 최하위를 기록하고 있어 개선이 필요함. \n▷ 민원인이 민원실로 들어오면서 민원을 어떻게 신청하고 민원창구가 어디에 위치하고 있는 지에 대한 설명을 제공하는 항목에 대한 만족도는 상·하반기를 종합하여 10위로 나타남. \n▷ 온라인을 통한 민원안내와 상담에 대한 만족도가 상대적으로 낮게 평가되고 있음. \n계획적이고 체계적인 만족도 조사를 실시함으로써 고객\n▷ 지향적 민원행정 서비스 개선방법과 만족도를 제고시킬 수 있는 마인드 제고\n2. 수준별 관리내용 제안\n분석결과를 토대로 하여 긴급개선분야, 개선권장분야, 현상유지분야, 개선유지분야의 4개 영역으로 차원수준이나 항목으로 구분하여 중요도에 따른 관리 및 개선이 이루어 질 수 있도록 함. \n▷ 2006년 상반기의 분석결과 긴급하게 개선되어야 할 분야로서 주차장 시설과 민원처리의 신속성에 대한 항목이 도출되었으나 2006년 하반기의 조사분석결과 시설부분에 있어 주차장과 안내서비스와 관련한 항목, 온라인을 이용한 상담 및 문의에 대한 항목에 대한 개선이 요구되고 있는 것으로 분석됨. \n▷ 횡성군 종합민원실의 행정서비스에서 가장 우선적으로 개선되어야 할 사항은 민원인들이 이용하는 주차공간에 대한 개선이 시급히 이루어져야 함. (무료이용, 공간확대, 복층화 등)\n▷ 민원창구의 업무담당자가 자리를 비우게 될시 이를 보충할 수 있는 보조인력이 상시 대기할 수 있도록 하여 민원업무의 연속성이 확보되어야 함. \n▷ 온라인을 이용한 민원상담과 문의 등에 능동적이고 적극적으로 서비스 할 수 있도록 하여야 함. (홈페이지의 접속용이성을 높이고 온라인으로 가능한 민원처리 안내 등이 우선적으로 선행되어야 함. )\n▷ 민원업무 담당자들을 대상으로 한 친절 및 예절교육을 주기적으로 실시하여 민원인들로 하여금 이웃과 같은 친근함을 느낄 수 있도록 하여야 함. \n▷ 민원 처리절차에 대한 정보를 민원실내에서 쉽게 확인하고 이에 따라 민원을 신청하고 처리할 수 있도록 도우미(공무원, 공익근무요원 등 활용)를 창구에 배치하는 것도 만족도를 제고하는 좋은 대안이 될 수 있음. \n▷ 현행 민원창구의 테이블의 높이를 대폭 낮출 경우(예- 은행의 상담 창구)민원인들이 보다 친근감을 느낄 수 있을 것이고, 민원업무 전반에 걸친 거부감이나 부담감이 현저히 저하되어 고객만족도가 대폭 향상될 것임(현재 직각형인 모양을 물결모양으로 구성하면 민원업무별로 자연스러운 구분이 될 수도 있음. )\n"
		}
	]
}