﻿{
	"data": [
		{
			"source_id": "S0000286",
			"title": "전자기록물 장기보존패키지 기술규격 – 제2부 디렉토리로 구조화된 방식(NEO3)",
			"publisher_company": "행정안전부",
			"category_main": "행정",
			"category_middle": "인사/조직",
			"isbn": null,
			"collection_name": "사업보고서",
			"contents_type": "공개",
			"issue_date": "2020",
			"corpus": "전자기록물 장기보존패키지 - 제2부: 디렉토리로 구조화된 방식(NEO3)\n1. 적용범위\n이 표준은 디지털객체에 대한 논리적 또는 물리적 캡슐화 규격을 규정하는 동시에 진본성, 무결성, 이용가능성을 유지하기 위한 디지털기록물에 대한 장기보존패키지에 대한 기술규격을 기술하는 것으로, 「공공기록물 관리에 관한 법률」에 명시된 공공기관 및 기록물관리기관이 전자기록물을 장기간 보존해야 하는 경우 적용할 수 있다. \n다만, 영구기록물관리기관, 동법 시행령 제3조 각 호에 해당하는 공공기관 등 전자기록물을 장기간 보존하는 기록물관리기관(이하'영구기록물관리기관 등'으로 칭함)은 소장 기록물의 특성, 기관의 환경 등에 따라 전자기록물의 장기보존패키지 방식을 달리 정할 수 있다. \n비고 2\n이 표준에서 제시되는 장기보존패키지는 ISO 14721 OAIS(Open Archival Information System)참조모형에서 말하는 기록관에서 영구기록물관리기관으로 전자기록물을 이관하는 포맷(SIP, Submission Information Package), 이용자에게 전자기록물을 제공하는 포맷(DIP, Dissemination Information Package)등으로도 활용될 수 있다. \n2. 적용근거\n이 표준의 구체적인 법적 근거는 다음과 같다. \nㆍ 「공공기록물 관리에 관한 법률」제20조(전자기록물의 관리)\nㆍ 「공공기록물 관리에 관한 법률」시행령 제36조(기록관 및 특수기록관의 전자기록물 보존)\nㆍ 「공공기록물 관리에 관한 법률」시행령 제40조(기록관 및 특수기록관의 소관 기록물 이관)\nㆍ 「공공기록물 관리에 관한 법률」시행령 제46조(영구기록물관리기관의 전자기록물 보존 및 관리)\n2.2 인용표준\n다음의 인용표준은 이 표준의 적용을 위해 필수적이다. 발행연도가 표기된 인용표준은 인용된 판만을 적용한다. 발행연도가 표기되지 않은 인용표준은 최신판(모든 개정내용을 포함)을 적용한다. \nㆍ ISO 15489-1:2016, Information and documentation - Records management - Part 1 : Concepts and principles\nㆍ ISO 23081-1:2017, Information and documentation - Records management processes - Metadata for records - Part 1 : Principles\nㆍ ISO 14721:2012, Space data and information transfer systems - Open archival information system(OAIS)- Reference model\nㆍ NAK 8 2022(v2.3)기록관리 메타데이터 표준\n2.3 다른 표준과의 연계\n이 표준의 적용을 위해 필요하거나 직접적으로 연관이 있는 표준은 다음과 같다. 발행연도가 표기되지 않은 표준은 최신판(모든 개정내용을 포함)을 적용한다. \nㆍ KS X 6030 확장가능한 마크업 언어(XML)- Extensible Markup Language(XML)1.0 \nㆍ KS X 6033 확장가능한 마크업 언어 전자서명 구문과 처리 - XML Signature Syntax and Processing\nㆍ ISO ISO 26324:2012 Information and documentation — Digital object identifier system\nㆍ NAK 6:2022(v1.5)기록관리시스템 기능 요건\nㆍ NAK 7:2022(v1.5)영구기록관리시스템 기능 요건\nㆍ NAK 19-1:2012(v1.0)전자기록생산시스템 기록관리 기능요건\nㆍ NAK 29-1:2017(v1.4)기록관리시스템 데이터연계 기술규격- 제1부: 업무관리시스템과의 연계\nㆍ NAK 29-2:2022(v1.5)기록관리시스템 데이터연계 기술규격- 제2부: 영구기록관리시스템과의 연계\nㆍ NAK 32-1:2022(v1.2)전자기록물 전자서명 인증서 장기검증 기술규격\nㆍ 행정전자서명 인증업무지침(행정안전부고시 제2019-49호)\n3. 용어정의\n이 표준의 목적을 위해 다음의 용어와 정의를 적용한다. \n3.1 기록관리 메타데이터(Metadata for managing records)\n시간과 공간을 초월하여 기록의 생산, 관리와 이용이 가능하도록 하는 구조화된 혹은 반구조화된 정보\n[KS X ISO 23081-2,3.7 기록관리 메타데이터, ISO 15489-1,3.12 metadata for records]\n3.2 디지털 객체 식별자 시스템(DOI system)\n전자기록물 여부와 관계없이 모든 유형의 객체에 대해 항구적이고 고유하게 식별할 수 있는 체계. 디지털 객체 식별자(DOI)는 Digital Object Identifier의 약어이며 ISO 26324:2012으로 표준화되었다. DOI는 인터넷 상에서 동작하도록 설계되었으며 객체의 물리적 위치(IP 주소, 디렉토리 경로 등)가 변경되어도 DOI명은 변하지 않는다. DOI시스템을 통해 해당 DOI명과 관련된 다양한 정보(URL, 이메일 주소, 다른 식별자 등)를 통해 객체에 접근할 수 있다. \n3.3 스키마(Schema)\n일반적으로 메타데이터의 사용과 관리, 특히 의미론, 구문론, 설정값(강제 수준)에 관한 규칙 수립을 통해 메타데이터 요소 간 관계를 보여주는 논리 도표\n3.4 에뮬레이션(Emulation)\n원래의 소프트웨어 기능이 현재의 컴퓨터 환경에서 재생산될 수 있도록 하는 것으로 전자기록물의 원래 운영환경을 재생산하는 소프트웨어를 사용하게 하는 보존방법\n3.5 인증(Certification)\n전자서명키가 가입자에게 유일하게 속한다는 사실을 확인하고 이를 증명하는 행위\n3.6 인증기관(Certificate Authority)\n사용자 및 다른 인증기관들에게 공개키 인증서를 발급하는 기관. 인증서 폐기 목록을 주기적으로 발행하며, 디렉토리에 인증서와 인증서 폐기 목록을 게시한다. \n3.7 인증서(Certificate)\n공개키와 사용자의 관계를 연결하여 주는 전자 정보. 인증기관에서 발급한다. \n3.8 인코딩(Encoding)\n기계적 처리를 위해 고안된 구문 또는 신호를 특정한 부호들의 나열로 그 형태를 바꾸는 것\n[정보통신용어사전, KS X ISO 23081 참조하여 개작]\n3.9 장기보존(Long- term Preservation)\n오랜 시간이 경과된 후에도 전자기록물에 접근할 수 있고 진본의 상태를 유지하여 증거로서 인정받을 수 있도록 하는 보존행위\n3.10 장기보존패키지(Long- term preservation package)\n장기간 전자기록물의 진본성 및 무결성을 유지하기 위하여 전자기록물의 원문, 보존포맷, 메타데이터, 진본확인 정보를 하나의 논리적 아니면 실제적으로 캡슐화한 객체\n3.11 전자서명(Digital signature)\n서명자를 확인하고 서명자가 해당 전자문서에 서명을 하였음을 나타내는데 이용하기 위하여 해당 전자문서에 첨부되거나 논리적으로 결합된 전자적 형태의 정보. 즉, 전자서명은 서명자 확인, 부인 방지, 위변조 확인을 위해 생성될 수 있다. 전달된 메시지나 문서의 원래 내용이 변조되지 않았다는 것을 보증하기 위해 사용될 수 있다. \n[「전자서명법」제2조제2항 참조하여 개작]\n3.12 전자서명 알고리즘(Digital signature algorithm)\n전자서명에 사용되는 알고리즘으로 해시 값을 통해 전자서명 방식을 결정하는 것. SHA1WithKCDSA 또는 SHA256WithRSA 등으로 표시한다. \n3.13 진본확인 정보(Authentic identification information)\n전자기록물의 진본성 및 무결성 유지를 위해 장기보존패키지에 포함되는 파일별 해시정보 등 전자서명 관련 정보로 GPKI 인증서, XML 전자서명 파일 등이 포함될 수 있다. \n3.14 캡슐화(Encapsulation)\n전자기록물에 메타데이터를 디지털 객체와 함께 하나로 묶거나 디지털 객체에 포함시키는 방법. \n3.15 컨테이너(Container)\n상이한 데이터 구성요소들과 메타데이터를 하나의 객체로 묶을 수 있게 하는 방법. 그 방법을 기술하고 있는 파일 형식을 컨테이너 포맷(Container Format)이라 한다. \n3.16 컴포넌트(Component)\n기록물건을 구성하는 기록물의 최소단위. 일반문서 유형인 경우 종이문서, 전자문서의 본문, 첨부 데이터파일 등이 기록물건을 구성하는 컴포넌트가 되고, 다른 기록 유형인 경우 각 기록물건을 구성하는 고유의 컴포넌트 형식을 가진다. \n3.17 해시함수(Hash function)\n임의의 길이의 문자열을 고정된 길이의 이진 문자열로 매핑하여 주는 함수. 데이터를 자르고, 치환하거나 위치를 바꾸는 방법들로 결과를 만들어 내며, 이 결과를 해시 값(hash value)이라 한다. 해시 함수는 데이터의 무결성, 인증, 부인 방지 등에서 응용되는 중요한 함수 가운데 하나이다. \n[TTA 정보통신용어사전]\n3.18 행정전자서명(GPKI Digital Signature)\n전자문서를 작성한 행정기관 또는 행정기관과 전자문서ㆍ행정정보를 유통하는 법인ㆍ단체에서 직접 업무를 담당하는 자의 신원과 전자문서의 변경 여부를 확인할 수 있는 정보\n3.19 확장성 스타일시트 언어 변환(eXtensible Stylesheet Language Transformations, XSLT)\n확장성 마크업 언어(XML)문서를 다른 스타일의 XML 문서로 변경하거나 다른 문서 형식으로 변환하기 위해 개발된 언어. XSLT 기반으로 문서 변환시 원본 문서는 변경되지 않고 변환 결과로 새로운 문서가 생성된다. HTML, 텍스트(txt), PDF, 포스트스크립트(PostScript), 이미지(PNG 등), 한글(HWP)등의 형식으로 변환할 수 있다. \n[TTA 정보통신용어사전]\n4. 장기보존패키지 개요\n4.1 OAIS의 정보 패키지와 장기보존패키지의 관계 \n콘텐트 정보는 실제 보존의 대상인 기록물을 의미하며, 원문과 보존포맷으로 구성될 수 있다. 보존기술정보는 콘텐트 정보의 보존과 설명에 필요한 메타데이터로서 본 표준에서 규정하는 있는 장기보존패키지에서는 장기보존 메타데이터로 표시한다. 패키징 정보는 콘텐트 정보와 보존기술정보를 실제적으로 아니면 논리적으로 묶고, 식별하고, 관련짓는 정보이다. 기술정보는 이용자가 해당 정보 패키지를 검색할 때 활용될 수 있는 정보로 전자기록물 목록 정보에 해당된다. \n장기보존패키지는 전자기록물의 진본성ㆍ무결성을 유지하고 장기간 안전하게 보존할 수 있도록 장기보존 메타데이터와 원문 및 보존포맷을 실제적 아니면 논리적으로 캡슐화하여 관리하는 개념적인 컨테이너이다. 즉, 장기보존패키지는 전자기록물 자체와 장기보존을 위한 보존포맷 및 메타데이터를 포함할 수 있도록 설계되었으므로 ISO 14721 OAIS 참조모델에서 제시하고 있는 정보 패키지(SIP, DIP, AIP)중에서 AIP에 해당한다. \n4.2 장기보존패키지 필요성 \n전자기록물은 그 특성상 변형, 훼손, 유실되기 쉬우므로 보다 안전하게 보존할 수 있도록 하는 기술적 기반을 필요로 한다. \n즉, 오랜 기간이 경과해도 기록물이 생산된 당시에 가지고 있던 내용을 그대로 재현하여 접근할 수 있도록 보존되어야 하며, 업무 활동에 대한 증거와 업무에 대한 책임 소재를 분명하게 밝혀주는 법적 증거를 확보할 수 있도록 하여야 한다. \n기록물이 가진 법적 증거는 기록물의 진본성과 무결성이 유지되어야만 확보될 수 있으므로 전자기록물에 대해 이러한 진본성과 무결성을 유지하면서 장기간 보존할 수 있게 하도록 하는 장기보존패키지의 적용이 필요하다. \n4.3 장기보존패키지 고려사항\n4.3.1 자체 충족성\n기록물이 생산된 당시의 내용을 그대로 재현하여 읽고 이해할 수 있도록 하기 위하여 전자기록물은 시스템, 외부 데이터 등에 독립적이어야 한다. \n시스템 의존적일 경우 시스템의 손실은 전자기록물의 손실이 되고, 외부데이터의 손실 역시 전자기록물의 손실이 되기 때문에 전자기록물은 자체적으로 기록물이 생산된 당시의 내용을 그대로 재현할 수 있는 충분한 능력을 가져야 한다. \n4.3.2 자체 문서화 \n전자기록물은 자체적으로 기록물과 관련된 기술(記述)과 맥락에 대한 이해를 줄 수 있는 정보를 포함하여, 미래의 이용자들이 장기 보존된 기록물의 내용을 이해할 수 있도록 하여야 한다. \n즉 기록물을 기술(記述)함과 동시에, 다른 기록물이나 기관 또는 조직과의 관계를 기술하고, 기록물의 지속적인 관리에 관련된 메타데이터를 포함하여야 한다. 메타데이터가 포함됨으로써 장기보존패키지가 독립적인 객체로서 기능할 수 있도록 한다. \n4.3.3 진본성 및 무결성 유지 \n이관, 수집 등을 통해 영구기록물관리기관 등으로 제출(submission)된 전자기록물이 장기보존패키지로 변환되거나 저장ㆍ관리되는 동안 진본성을 유지할 수 있어야 한다. 이를 위해 전자서명 등의 기술을 활용한 진본확인 절차를 통해 검증할 수 있어야 한다. \n전자기록물이 위조 또는 변조되지 않았음을 검증하여 기록물의 법적 증거를 확보하여야 한다. 장기보존패키지를 저장ㆍ관리하는 동안 무결성을 검증할 수 있어야 한다. \n4.4 장기보존패키지 구성요소\n장기보존패키지는 원문, 보존포맷, 장기보존 메타데이터, 진본확인 정보 등으로 구성된다. 이 구성 요소들은 장기보존패키지로 캡슐화되어야 하며, 캡슐화 방법은 국제표준 ISO 14721 OAIS 참조모형에 따르면, 논리적(logically)아니면 실제적(actually)방식으로 크게 구분한다. \n장기보존패키지의 구성요소는 다음과 같다. \nㆍ 원문 : 생산자가 생산 또는 접수한 전자기록물 원본(진본)으로 진본성을 보장하기 위해 포함한다. \nㆍ 보존포맷 : 전자기록물 생산 당시의 애플리케이션이 없이도 해당문서의 내용과 외형을 그대로 재현한 포맷 또는 원본의 디지털객체 특성 정보(내용과 문맥정보, 유형별 특성 정보 등)를 원본과 동일한 수준으로 보존 가능한 포맷으로 시간과 기술변화에 상관없이 이용자가 기록물 내용에 접근할 수 있게 한다. 다만, 변환 가능한 보존포맷이 정해지지 않은 원문의 경우는 보존 대책을 마련할 때까지 원문만 포함할 수 있다. \nㆍ 장기보존 메타데이터 : 기록물의 생산부터 관리ㆍ보존에 이르는 전 과정을 기술(記述)한 정보로, 기록물 생애주기 전 기간에 걸쳐 진본성, 신뢰성, 무결성, 이용가능성을 유지하며, 기록물을 관리하고 보존ㆍ이해할 수 있도록 지원한다. 또한 패키지를 설명하는 패키징 정보 등 추가적인 메타데이터를 포함할 수 있다. \nㆍ 장기보존 메타데이터 스키마 정보 : 장기보존 메타데이터는 XML 문서로 저장된다. 메타데이터의 XML 구조는 시대가 흐르고 생산 시스템이 변화함에 따라 지속적으로 변화된다. XML 스키마는 해당 패키지의 장기보존 메타데이터 유효성을 특정 시스템에 종속되지 않고 독립적으로 검증하기 위해 포함된다. \nㆍ 장기보존 메타데이터 스타일시트(S tyleSheet): XML로 저장된 장기보존 메타데이터를 기록물의 생산ㆍ접수 시점의 화면과 유사하게 재현하기 위해 변환한 XSLT 스타일시트가 포함될 수 있다. \nㆍ 진본확인 정보 : 전자기록물의 진본성 및 무결성 유지를 위해 장기보존패키지에 포함되는 정보이다. 이 표준에서는 진본확인 기술 중 전자서명을 사용하며 관련 정보로 GPKI 인증서, XML전자서명 파일 등을 포함할 수 있다. 영구기록물관리기관 등이 전자서명 외의 다른 진본확인 기술을 적용하는 경우, 해당 기술에 따른 진본확인 정보를 관리할 수 있어야 한다. \n4.5 장기보존패키지 생성방식\n4.5.1 일반사항\n장기보존 메타데이터와 전자기록물의 콘텐트 정보에 해당하는 원문 및 보존포맷은 국제표준 ISO 14721 OAIS 참조모형의 패키징 정보에 의해 실제적으로(actually)아니면 논리적으로(logically)묶고, 식별하고 관련지을 수 있다. 이에 따라, 장기보존패키지는 실제적 장기보존패키지와 논리적 장기보존패키지로 구분할 수 있다. 장기보존 메타데이터와 콘텐트 정보가 디지털 객체인 단일 파일로 생성되면 실제적 장기보존패키지이고, 장기보존 메타데이터와 콘텐트 정보가 각각 다른 파일로 존재하는 경우는 논리적 장기보존패키지라 한다. \n논리적 장기보존패키지는 구성요소인 장기보존 메타데이터, 원문 및 보존포맷 등을 패키징 정보에 포함된 식별자를 통해 서로 연결, 식별이 가능하며, 패키징 정보는 이를 위해 URL(Uniform Resource Locator), URN(Uniform Resource Name), URI(Uniform Resource Identifier)등을 포함한다. 원문 파일이나 보존포맷이 동일한 물리적 스토리지에 존재하지 않거나, 진본확인 기술의 보안성 강화를 위해 전자서명 등 진본확인 정보가 저장된 파일만을 보안이 강화된 별도의 스토리지에 보존하는 등의 경우에 논리적 장기보존패키지 방식을 적용할 수 있다. 다만, 이 장기보존패키지 방식은 장기보존 메타데이터 또는 원문 및 보존포맷의 물리적인 위치가 변경되더라도 패키징 정보의 논리적인 연결 관계가 단절되지 않도록 장기간 지속적으로 확인할 수 있는 별도의 식별자 검증 체계가 필요하다. \n논리적 장기보존패키지는 실제적으로 하나의 객체로 캡슐화하지 않지만 장기보존 메타데이터, 패키징 정보, 원문, 보존포맷, 진본확인 정보를 논리적으로 캡슐화함으로써 장기보존패키지의 구성요소가 서로 물리적으로 떨어져 있는 것을 허용한다. 앞서언급한 바와 같이 이 패키지 방식을 적용하기 위해서는 원격지에 존재하는 디지털 객체의 위치정보 및 구분 정보를 관리하기 위한디지털 객체의 식별자 관리 시스템이 마련되어야 한다. 이를 위해 디지털 객체 식별자(DOI)시스템과 같은 방식이 사용될 수 있으며 이를 통해 각각의 요소를 영구적으로 연계하고 관리할 수 있다. \n이 유형의 캡슐화 방식은 정보시스템, 매체 등 다양한 형태로 분산 저장되어 유실된 기록물에 대한 복구가 더 어려울 수 있다. 그러나 대용량의 전자기록물을 장기 보존하거나 비전자기록물과 전자기록물을 연계하는 경우, 특히 영구기록물관리기관 등에 이관된 대용량 멀티미디어 기록물의 캡슐화를 위해 대용량으로 이동, 복사 등 장기보존 처리 절차가 힘든 경우에는 불가피하게 논리적으로 캡슐화하는 방식으로 장기보존패키지를 생성할 수 있다. \n실제적 장기보존패키지 방식은 현행 장기보존패키지인 NEO2(NAK Encapsulated Object 2)가 해당되며, 공공표준'NAK 31-1:2022(v2.3)전자기록물 장기보존패키지 기술규격- 제1부: XML로 포맷화된 방식(NEO2)'에서 그 내용을 상세하게 규정하였다. 논리적 장기보존패키지 방식은 NEO3(NAK Encapsulated Object 3)가 해당되며, 공공표준'NAK 31-2:2022(v1.1)전자기록물 장기보존패키지 기술규격- 제2부: 디렉토리로 구조화된 방식(NEO3)'에서 그 내용을 규정하였다. NEO3는 논리적 장기보존패키지로 설계되었지만 ZIP64 등으로 압축 또는 압축 없이 하나의 디지털 객체로 묶여서 보관되면 실제적 장기보존패키지가 된다. \nXML로 포맷화된 방식의 장기보존패키지 또는 아카이브 포맷으로 압축된 디렉토리로 구조화된 방식의 장기보존패키지에 포함되는 컴포넌트 중 일부 항목의 위치를 다른 서버에 있는 저장소 등으로 지정하거나 비전자 문서를 연결하는 경우 실제적 장기보존패키지와 논리적 장기보존패키지의 혼합 방식이 된다. \n4.5.2 XML로 포맷화된 방식\n이 방식은 전자기록물 및 관련 메타데이터 정보를 단일 XML 파일에 모두 포함한다. 즉, 보존대상인 전자기록물을 하나의 객체처럼 캡슐화하는 방식이다. 다르게 말하면 XML로 포맷화된 방식이라고 할 수 있다. 원문과 보존포맷이 바이너리(binary)데이터라 하더라도 base64방식으로 인코딩함으로써 장기보존 메타데이터, 원문 및 보존포맷, 진본확인 정보 등을 텍스트 형식인 단일 XML 문서 내에 객체로 캡슐화한다. 이 방식을 채택한 해외 사례로는<|start|>#@기타1#<|end|>의<|start|>#@기타2#<|end|>, <|start|>#@기타3#<|end|>의<|start|>#@기타4#<|end|>등이 있다. \n이 방식은 공공표준'NAK 31-1:2022(v2.3)전자기록물 장기보존패키지 기술규격- 제1부: XML로 포맷화된 방식(NEO2)'에서 기술규격을 상세하게 정하였다. 영구기록물관리기관 등은 XML로 포맷화된 방식을 채택하는 경우라 하더라도 기관의 환경 등에 따라 NEO2가 아닌 다른 장기보존패키지를 정의하고 적용할 수 있다. \n4.5.3 디렉토리로 구조화된 방식\n이 유형은 보존대상인 전자기록물을 디렉토리로 구조화하여 캡슐화하는 방식으로 NEO2 패키지 방식과 달리 장기보존 메타데이터, 원문 및 보존포맷, 진본확인 정보를 각각 디렉토리와 하위 디렉토리 등에 구분하여 보관하는 캡슐화 방식이다. 디렉토리로 구조화된 패키지는 ZIP64 등으로 압축 또는 압축 없이 하나의 디지털 객체로 묶여서 보관될 수 있다. 이와 유사한 방식을 채택한 해외 사례로는<|start|>#@기타5#<|end|>의<|start|>#@기타6#<|end|>, <|start|>#@기타7#<|end|>의<|start|>#@기타8#<|end|>등이 있다. \n이 방식은 본 표준에 기술규격을 상세하게 정하였다. 영구기록물관리기관 등은 디렉토리로 구조화된 방식을 채택하는 경우라 하더라도 기관의 환경 등에 따라 NEO3가 아닌 다른 캡슐화 방식을 정의하고 적용할 수 있다. \n5. 디렉토리로 구조화된 방식의 장기보존패키지(NEO3)\n5.1 구조\nNEO3 장기보존패키지 방식은 개념적으로 기관이 정한 규칙에 따라 계층적 디렉토리 구조로 연관된 파일들을 분류ㆍ관리하며, 최상위 디렉토리를 기준으로 ZIP64 등으로 압축 또는 압축 없이 하나의 디지털 객체로 묶어서 보관하여 보존ㆍ활용할 수 있다. \n장기보존패키지 내 포함되는 모든 파일들에 대한 논리적인 구성은 패키징 정보에 포함되어 장기보존패키지 내의 파일들에 대한 접근과 확인이 가능하다. 또한 기록물 이외 장기보존패키지에 추가적으로 포함되는 전자서명용 인증서나 이력정보 등 부속파일에 대한 파일별 해시 값과 파일 크기 정보를 패키징 정보에 포함한 경우 해당 파일의 무결성(네트워크 전송, 파일 복사 등으로 발생할 수 있는 오류)을 확인하기 위해 사용될 수 있다. 또한 패키징 정보에 포함되는 파일의 경로 정보는 URL, URI, URN 등의 정보로 원격지의 위치를 포함할 수 있어 실제적으로 캡슐화하지 않은 논리적 장기보존패키지로 활용할 수 있다. (예 : 변경이력정보나 전자서명 정보를 물리적으로 분리된 별도 서버에 두는 경우 등)\nOAIS 정보 패키지의 보존기술정보(Preservation Description Information)에 해당하는 구성요소의 명칭을 장기보존 메타데이터로 한 것을 제외하고는 모두 OAIS 정보 패키지의 구성요소와 명칭을 따른다. NEO3 장기보존패키지에는 해당 패키지에 대한 검색이나 추출 기능에 사용되기 위한 메타데이터를 포함할 수 있으며 이는 기술 정보이다. 원문 및 보존포맷 등 원본 기록물 파일이나 물리적 객체에 대한 정보는 콘텐트 정보이다. 출처 정보, 맥락 정보, 참조 정보, 고정 정보, 접근권한 정보 등은 장기보존 메타데이터에 포함되며, 그 외 진본확인 정보, 이력정보 등을 추가적으로 포함할 수 있다. 장기보존패키지를 논리적으로 구성하기 위해서는 패키징 정보에 DOI 시스템 등과 같이 객체 위치 독립적인 식별체계를 기반으로 할당된 식별자를 반드시 포함하고, 관리하여야 한다. \n5.2 패키징 정보\n패키징 정보는 기본적으로 장기보존패키지 내에 포함되는 모든 정보 구성 요소들을 하나로 함께 묶는 역할을 한다. 원문 및 보존포맷에 대한 콘텐트정보와 장기보존 메타데이터를 논리적으로 묶어주고 장기보존패키지에 포함되는 추가 부속 파일들에 대한 정보를 함께 묶어 목록화하는 역할을 한다. 또한 장기보존패키지가 수정될 경우 이력정보에 대한 경로 또는 식별자가 포함되어 장기보존패키지 내부에 포함된 파일들에 대한 무결성 확인 및 진본확인을 위한 정보로 활용된다. \n기술정보는 장기보존패키지에 대한 메타데이터로 전자기록물 장기보존 기능을 수행하는 기록물관리시스템 등에 검색이나 추출 기능을 적용하는 경우 활용될 수 있도록 선택적으로 추가할 수 있다. \n비고\nNEO3 장기보존패키지의 기술정보는 선택적으로 포함될 수 있으며, 장기보존패키지는 논리적(logically)아니면 실제적(actually)으로 생성될 수 있고 물리적 객체로 존재하는 비전자기록물의 경우도 포함될 수 있다. \n5.3 콘텐트 정보\n5.3.2 원문\n원문은 생산자가 생산 또는 접수한 기록물 원본(진본)을 뜻하며 업무활동의 증거로서 법적가치를 가진다. 전자기록물의 경우 특성상 다수의 생산자에 의해 시간 및 공간에 제한 없이 여러 개의 복본을 생산 가능하다. \n그러므로 전자기록물은 위변조가 쉽게 이루어질 수 있으며 계속 변화한다. 따라서 진본확인을 위해, 적법한 절차에 따라 관리되어 온 것인지에 대한 과정 등이 메타데이터를 통해 관리되어야 한다. \n또한, 기록물 생산 당시의 모습이 변하지 않고 그대로 존재한다고 확인할 수 있어야 진본성을 가지고 있다고 할 수 있다. 그러므로 원문을 장기보존패키지에 포함하여 진본성을 유지한다. \n5.3.3 보존포맷\n보존포맷은 원문이 생성된 당시의 애플리케이션이 없어도 해당 원문의 내용과 외형을 그대로 재현하여 내용보기를 가능하게 하거나 원문의 내용과 맥락정보 등 유형별 중요 정보를 추가적인 타 기술에 의존하지 않거나 표준화되고 공개된 방식으로 기술적 복원이 가능하게 하는 포맷이다. 즉, 보존포맷은 기록이 생산되었을 때의 기록물(원문)의 의미, 구조 등 기록의 특성을 유지하며, 하드웨어나 소프트웨어의 노후화나 매체의 퇴화 및 기술발전으로 인한 데이터 포맷의 변화에 상관없이 전자기록물을 보존하여 원본이 손상되어 접근이 불가하거나 어려운 경우, 이용자가 원문과 유사한 전자기록물을 접근하여 활용하기 위한 변환된 포맷이다. \n원문을 변환할 적합한 보존포맷이 지정되지 않았거나 에뮬레이션 등 다른 보존방식에 의해 재현이 가능한 경우 장기보존패키지에 보존포맷을 포함하지 않을 수 있다. 원문이 장기보존에 취약한 포맷이며 적합한 보존방식이 없는 경우 영구기록물관리기관 등은 가급적 빠른 시일 내에 보존대안을 마련할 수 있도록 노력하여야 한다. \n기록물관리기관이 장기보존패키지에 이미 포함되어 관리되고 있는 보존포맷을 다른 보존포맷으로 대체하거나 병행 관리하고자 하는 경우 행위자, 일시, 사유 등을 장기보존 메타데이터에 추가하여 관리할 수 있어야 한다. 이와 관련한 세부 사항 등은 관할 영구기록물관리기관이 정한 방식을 따른다. \n5.4 장기보존 메타데이터\n5.4.1 구조\n전자기록물의 장기보존을 위해서는 기록물 원문과 함께 기록물의 생산부터 관리, 보존에 이르는 전 과정을 기술(記述)한 정보를 보존해야 한다. OAIS 정보 패키지는 이를 보존기술정보라고 하며, 이 표준에서는 이러한 장기보존 메타데이터로 지칭한다. \n장기보존패키지에서 관리되어야 하는 정보는 다음과 같이 구분할 수 있다. \n첫째, 장기보존패키지 자체에 대한 정보인 장기보존패키지명, 버전정보 등이다. NEO3는 XML문서의 계층 구조상으로 NEO2의 루트 요소(Root Element)보다 상위요소로 NEO 루트 요소가 있어 패키징 정보, 장기보존 메타데이터, 콘텐트 정보가 동일한 계층에 존재한다. \n둘째, 기록물관리의 전 과정에 관한 메타데이터로서, 기록물철 메타데이터, 기록물건 메타데이터, 컴포넌트와 같은 메타데이터가 계층별로 포함된다. 장기보존패키지에 관리되어야 하는 기록관리 메타데이터는'NAK 8 기록관리 메타데이터 표준'을 참조하며, 기관 환경에 따라 기록관리 메타데이터 표준에서 제시되지 않은 메타데이터의 추가 및 적용에 관한 사항은 관할 기록물관리기관과 협의하여 적용한다. 단, 이 표준은 다양한 기록물 유형에 따라 관리되어야 하는 메타데이터의 경우 확장 가능한 상위 요소'ExtraMetadata'를 기록물철, 기록물건 메타데이터 하위에 제공하므로 확장된 XML문서(XML Fragment Document)및 확장된 요소에 대한 XML 스키마를 포함하여 확장 및 검증 가능한 유연한 구조를 제공한다. 다만, 기록물관리기관이 공통적으로 사용하여야 하는 메타데이터 요소의 추가ㆍ변경이 필요한 경우 중앙기록물관리기관의 장과 협의하여야 한다. \n셋째, 장기보존패키지에 포함되는 전자기록물 원문 및 보존포맷, 장기보존 메타데이터에 대해 진본확인을 위한 정보(전자서명 정보 등)가 존재할 수 있으며 존재하는 경우, 해당 정보는 패키징 정보에 연결 및 검증 정보를 포함해야 한다. \n넷째, 장기보존패키지가 재변환되어 이전 버전의 장기보존패키지를 병행 관리하여야 하는 경우, 재변환 전과 후의 관계에 관한 정보가 추가될 수 있다. 이 경우, 해당 정보는 패키징 정보에 연결 및 검증 정보를 포함해야 한다. \n장기보존패키지의 변경 전과 후에 대한 이력 파일에 대해서는 패키징 정보에 식별자와 해시정보 등이 포함된다. 각 수정 이력 항목별 보존된 패키징 정보는 변경 전 버전의 기록물의 무결성을 검증할 때 활용되며 동시에 변경후 이력 버전에 대해서도 함께 포함된 해시 값을 통해 연쇄적으로 검증이 이루어져 체인 형태로 연결된 검증이 이루어지게 된다. \n앞서 설명한 장기보존 메타데이터는 하나의 파일 또는 여러 개의 파일로 관리될 수도 있다. 이는 장기보존패키지를 생성하는 방식에 따라 다르게 구성된다. NEO3의 경우, 논리적으로 구분된 패키징 정보, 장기보존 메타데이터, 콘텐트 정보 등을 하나의 XML문서 내에 포함하여 장기보존패키지 데이터를 간단하게 처리할 수 있도록 구성한다. \n5.4.2 장기보존 메타데이터 구성 \n기존 NEO2의 경우 기록관리 메타데이터와 장기보존 메타데이터를 3계층, 2 계층으로 서로 다른 계층으로 연결되어 매핑되었다. \n그러나 NEO3의 경우 기록관리 메타데이터의 계층과 장기보존 메타데이터 계층은 차이가 발생하지 않도록 구성된다. \n5.4.2 기록물철 장기보존 메타데이터 구성\nㆍ 객체메타데이터(M5)는 객체유형, 객체유형 설명, 객체 생성일시의 요소를 가지며 객체유형의 값은 기록물철이다. \nㆍ 객체콘텐트(M9)는 기록물철 메타데이터(M217)로 구성되어 있다. \nㆍ 기록물철 메타데이터(M217)는 생산자, 기록식별자, 기록물명, 기술, 주제, 전자기록물여부, 저장정보, 분류, 생산이력, 보존기간정보, 보존장소, 권한, 관리이력, 보존이력, 관계정보의 15여개의 상위요소를 가진다. \n이 표준에서 채택한 진본확인 기술인 전자서명 정보 생성은 기록물철 장기보존패키지의 장기보존 메타데이터를 대상으로 한다. 또한 장기보존패키지에 존재하는 모든 컴포넌트들의 해시 값, 식별자 등을 포함하는 콘텐트정보가 존재하는 경우 해당 정보에 대한 전자서명을 통해 진본성 등을 확인할 수 있다. \n비고 1\nNEO3 장기보존패키지에 포함되는 진본확인 정보, 원문 및 보존포맷은 디렉토리 내에 계층적으로 관리되고 ZIP64 등으로 압축 또는 압축 없이 하나의 디지털 객체로 묶여서 보관되는 기술을 활용할 수 있어 별도의 인코딩이나 처리가 불필요하며, 디렉토리 내의 각종 부속 파일의 논리적 연계 정보가 장기보존 메타데이터에 포함되어 실제적으로 아니면 논리적으로 캡슐화가 가능하다. \n비고 2\n영구기록물관리기관 등은 기관 환경, 기록물 특성 등에 따라 전자서명 외의 진본확인 기술을 적용할 수 있다. \n비고 3\n객체콘텐트(M9)는'NAK 31-1:2022(v2.3)전자기록물 장기보존패키지 기술규격- 제1부: XML로 포맷화된 방식(NEO2)'의 객체컨텐츠(M9)와 동일한 요소로 이 표준에서의 용어의 일관성을 위해 명칭을 변경한다. \n5.4.3 기록물건 장기보존 메타데이터 구성\nㆍ 객체메타데이터(M5)는 객체유형, 객체유형 설명, 객체 생성일시의 요소를 가지며 객체유형의 값은 기록물건이다. \nㆍ 객체콘텐트(M9)는 기록물건메타데이터(M11)과 컴포넌트(M164)로 구성되어 있으며, 컴포넌트(M164)는 컴포넌트메타데이터(M165)으로 구성되어 있다. \n기록물건 메타데이터(M11)는 생산자, 기록식별자, 기록물명, 기술, 주제, 전자기록물여부, 저장정보, 분류, 생산이력, 보존기간정보, 권한, 공개, 관리이력, 보존이력, 관계정보 등 16개의 메타데이터 상위요소를 가진다. 기관의 환경, 기록물의 특성 등에 따라 기록물철과 마찬가지로 기록물건 메타데이터를 추가로 관리할 필요가 있는 경우, 장기보존 메타데이터 하위에 확장 가능한'ExtraMetadata'라는 이름의 요소에 유연하게 확장하여 추가할 수 있다. 확장 추가된 메타데이터는 관련 XML스키마에 추가하여 유효성 검증을 가능하도록 할 수 있다. \n기록관리 메타데이터의 상위요소 중 유형, 포맷, 저장매체, 크기, 위치를'저장정보'의 하위요소로, 일시는'생산이력'의 하위요소로 분산하여 매핑하는 NEO2와 달리 각 컴포넌트 별 연관 메타데이터를 하나의 상위요소 하에 포함하여 정보의 가독성을 높이고, 전자기록물 장기보존 기능을 수행하는 기록물관리시스템에서 효율적으로 처리할 수 있도록 한다. \n컴포넌트 메타데이터(M165)는 컴포넌트 제목, 컴포넌트 유형, 컴포넌트 보존이력, 컴포넌트 관계정보, 장기보존패키지 내의 상대경로, 컴포넌트 파일의 해시 값, 파일의 크기 등 메타데이터 요소를 가진다. \n컴포넌트 객체는 실제 파일의 장기보존패키지 내의 상대경로 또는 유일한 ID 및 해시 값, 크기 등 기록물에 대한 접근 및 검증 가능한 메타데이터를 포함해야 한다. \n컴포넌트 객체에 대응되는 실제 원본 또는 부속 파일은 생산시스템의 정해진 규칙에 따라 계층적 폴더 구조로 별도의 인코딩 없이 독립된 파일들로 장기보존패키지 디렉토리 구조 내에 포함된다. \n기록물건의 전자서명 메타데이터는 기록물철의 전자서명 정보와 동일하다. \n5.4.4 장기보존 메타데이터의 수정\n장기보존패키지가 수정되는 경우는 관리이력이나 바이러스 검사, 오류 검증으로 인한 메타데이터 수정, 전자서명 생성, NEO2에서 NEO3로 장기보존패키지 생성방식 변환, 새로운 보존포맷 추가 등으로 NEO3 장기보존패키지 내에서 실제 수정되는 파일은 장기보존 메타데이터 파일, 진본확인 정보(전자서명 파일, 전자서명 인증서 등)파일이다. \n또한 장기보존패키지 내의 디렉토리 계층 및 위치 등에 대한 변경사항은 패키징 정보가 존재하는 경우 관련 변경 정보 수정이 병행되어야 한다. 이렇게 버전 별로 별도 파일로 변경이력을 관리함으로써 변경 내용에 대해 수정된 메타데이터 버전 간의 비교, 각 버전별 진본확인 기술 적용 등을 쉽고 효율적으로 처리할 수 있게 한다. 기록물에 대한 메타데이터 정보 수정 시 패키징 정보에 추가되는 변경 일시, 버전 등의 구분정보 등을 기준으로 명명 규칙을 수립하고 이를 기준으로 수정 파일을 생성하여 보존하도록 한다. \n장기보존패키지 내 변경 이력 파일들의 전후 관계는 파일명 등으로 유추해서는 안된다. 변경 이력 정보의 생성 시점은 패키징 정보에 포함된 생성 시점 정보를 통해서 확인해야 한다. \n5.5 진본확인 기술\n5.5.1 일반사항\n장기보존패키지는 원본 기록물에 대하여 특정 시점을 기준으로 진본성을 검증하고 해당 시점의 원본 기록물이 손상되지 않았다는 무결성 검증을 위해 진본확인 기술을 적용하여야 한다. 이 표준에서는 기록물의 진본성, 무결성 유지를 위해 전자서명, 해시기법 등의 기술을 적용하며, 전자서명 정보를 장기보존패키지에 포함할 수 있다. 영구기록물관리기관 등은 진본확인을 위한 기술을 달리 정할 수 있다. \n디렉토리로 구조화된 NEO3 장기보존패키지 내의 전자서명 대상은 장기보존 메타데이터 파일이며, 원문 및 보존포맷 등 콘텐트 정보 파일에 대한 파일별 해시정보는 장기보존 메타데이터 또는 패키징 정보에 이미 포함되어 있어 전체 장기보존패키지에 대한 검증이 연쇄적으로 가능하게 된다. \n비고\n전자서명 XML 정보는 장기보존패키지에 포함된 인증서(GPKI, PKI 등)를 이용해 원본 장기보존 메타데이터의 해시 값을 기반으로 생성하며 전자서명 확인 시점에 인증서에 포함되거나 포함된 인증서 공개키로 해당 전자서명 XML 파일에서 원본 해시 데이터를 복호화하여 얻고, 전자서명 검증 시점의 장기보존 메타데이터에 대한 해시 값을 계산하여 두 해시 값을 비교하여 검증할 수 있다. \n5.5.2 인증정보\n이 표준에서는 장기보존패키지의 진본확인 기술 중 하나인 전자서명 방식을 적용하였다. 이 방법은 장기보존패키지에 포함된 전자서명 XML과 인증서를 이용하여 해당 기록물이 변경되지 않았음을 검증함으로써 전자기록물의 진본성과 무결성을 유지해 주는 방법이다. \n전자서명 생성은'KS X 6033 전자서명 표준'에 따라 인증정보를 생성하거나 행정전자서명 인증관리 센터에서 배포되는 공공 GPKI API가 지원하는 전자서명 함수를 통하여 진행될 수 있다. 전자서명 대상은 앞서 기술한 바와 같이 장기보존 메타데이터를 대상으로 한다. 또한 인증정보 생성을 위한 인증서는 용도가 전자서명용으로 생성된 인증서를 활용하도록 한다. 전자서명용으로 발급된 GPKI 기관용 인증서(기록물 생산기관 또는 기록물 관리기관 인증서 등)를 사용할 수 있다. \n5.5.3 전자서명 인증서의 장기검증\nX.509 인증서를 사용하여 전자서명 인증정보를 생성하는 경우, 해당 인증서가 도난 등 사고로부터 유효한지 또는 인증서 기간이 만료가 되었는지 확인이 필요하다. \nPKI기반 인증서 발급 기관(CA:Certificate Authority)에서 폐기되거나 유효하지 않은 인증서에 대해서 인증서 폐기 목록(CRL:Certificate Revocation List)을 주기적으로 발급하게 된다. GPKI 인증서의 경우 인증서 기간이 만료되더라도 관련 CA기관에서 발행한 CRL 기반으로 인증서가 위변조되지 않았는지 검증이 가능하다. \n전자기록물을 장기보존하는 경우 기록물의 진본성 및 무결성을 주기적 또는 필요한 시점에 검증할 수 있어야 한다. \n이 표준에서 진본확인을 위한 기술로 적용한 전자서명에 대해 지속적으로 검증할 수 있어야 하나 전자서명 검증을 위해 필요한 인증서의 유효 가능 기간은 기록물을 보존해야 하는 기간에 비해 짧다. 행정전자서명의 경우 행정전자서명인증관리센터에서 발급하는 인증서 유효기간 범위 내이다. \n유효기간이 지난 인증서를 기반으로 한 전자서명은 효력을 상실하게 됨으로써 기록물의 위변조 여부를 확인하기 어렵다. 따라서 인증서의 유효기간이 지나더라도 기록물의 전자서명에 사용된 인증서의 유효성을 계속적으로 검증하기 위해서는 별도의 체계가 필요하다. \n비고\n전자서명 인증서를 장기 검증할 수 있는 방법은 \"NAK 32-1:2022(v1.2)전자기록물 전자서명 인증서 장기검증 기술규격\"을 참조하거나 전자서명 시 사용한 인증서를 발급한 인증 기관(CA)에서 전자서명하여 발급하는 인증서 폐기 목록(CRL)에 의해서 비교하여 확인할 수 있다. 인증서가 폐기되는 이유는 RFC3280/RFC5280(Internet X.509 Public Key Infrastructure Certificate and Certificate Revocation List Profile)으로 확인할 수 있다. \n5.6 파일 구성\nNEO3 장기보존패키지를 하나의 물리적인 파일로 생성하기 위해서 ZIP64 등의 기술을 활용할 수 있다. \n패키징 정보는 PackagingInformation. xml, 그리고 장기보존 메타데이터, 콘텐트 정보, 기술 정보는 Metadata. xml의 이름을 가진 XML 형식의 파일로 생성된다. 패키징 정보, 장기보존 메타데이터, 콘텐트 정보는 모두 필수적인 반면, 기술 정보는 선택적으로 포함시킬 수 있다. 원문 및 보존포맷들은 각각 패키징 정보에서 정해진 파일명으로 설정된 각각의 위치에 저장된다. Metadata. xml 내 콘텐트 정보는 원문과 보존포맷과 연관된 부가 정보(예: 파일명, 크기, 버전, 형식 등)를 포함할 수 있다. \n비고\nISO 14721 OAIS 참조모형의 정보 패키지를 참고하여 구현한 사례는 E- ARK 등이 있다. E- ARK(European Archival Records and Knowledge Preservation)는 유럽위원회(European Commission, EC)의 지원을 기반으로 2014년 2월부터 전자기록물 장기보존을 위해 추진된 프로젝트이다. 영국, 독일, 포르투갈, 덴마크, 노르웨이, 헝가리, 에스토니아, 스페인, 포르투갈 등의 아카이브 기관 및 대학 등이 참여하고 있으며, 데이터세트 유형의 전자기록물 장기보존 도구 개발 및 SIP, DIP, AIP 등의 정보 패키지 표준화를 수행하고 있다. \nNEO3 개념적 구조의 최상위 수준의 개념인 장기보존패키지(NEO3)는 NEO3 XML 스키마에서 NEO3 요소로 구현된다. 그리고 장기보존패키지(NEO3)를 식별하는 패키징 정보는 neox:PackagingInformation 요소로, 장기보존패키지(NEO3)를 설명하는 기술 정보는 DescriptiveMetadata 요소로, 콘텐트 정보는 neox:ContentInformation 요소로, 장기보존 메타데이터는 PreservationDescInfo 요소로 각각 대응되어 설계되었다. \n"
		}
	]
}