﻿{
	"data": [
		{
			"source_id": "S0000954",
			"title": "사람 전분화능 줄기세포의 심장세포 분화 표준으로 프로토콜 개발 및 평가기준 확립",
			"publisher_company": "질병관리본부",
			"category_main": "행정",
			"category_middle": "보건",
			"isbn": "11-1352159-000918-01",
			"collection_name": "사업보고서",
			"contents_type": "공개",
			"issue_date": "2017",
			"corpus": "편집순서 6 : 총괄용역과제의 연구결과\n학술연구개발용역과제 연구결과\n1.1 목표\n가. 연구 주제: 줄기세포 연구 활용 촉진을 위한 사람 전분화능줄기세포의 심근세포 분화 표준 프로토콜 개발 및 평가기준 수립\n나. 연구 배경: 오늘날 줄기세포 세포치료제 개발 자원 외에도 다양한 분야에 활용이 가능하며, 특히 인간 전분화능줄기세포의 경우, 신약 개발과 후보 약물의 독성 평가에서 노출되는 동물실험의 부작용과 한계점을 극복할 수 있는 세포자원으로 활용 가능함. \n다. 연구 필요성: 이와 같이 약물 독성평가, 난치성질환 치료제 개발 등 줄기세포유래 분화세포의 기술개발의 활용 분야는 매우 다양함에도 불구하고 현재까지 인간 전분화능줄기세포의 분화 기술력은 낮은 재현성 및 세포의 불균일성이 존재함. \n라. 연구 목표: 따라서 본 연구팀은 인간 전분화능줄기세포를 이용한 심근세포 분화 표준화 프로토콜을 개발함과 동시에 분화된 심근세포를 활용한 독성시험 분석 기법을 표준화 하여, 국가줄기세포은행에서 분양되는 줄기세포주의 활용 촉진에 이바지 하고자 함. \n마. 연구 성과 활용: 확립한 기술력은 국가줄기세포은행내 표준 심근세포 분화 프로토콜 SOP 작성에 활용되어, 국내 줄기세포 연구 촉진을 위한 세포주 분양과 함께 분화 프로토콜을 제공함으로써 독성평가 플랫폼 구축 및 관련 질환의 발병기전 규명을 위한 줄기세포의 연구에 활용될 수 있음. \n2.1 인간 전분화능줄기세포유래 심근세포 생산 기법의 국외 개발 현황\n가. 미국을 선두로 2002년 최초의 인간 배아줄기세포유래 심근세포 생산 및 특성 분석 연구가 보고된 이후, 세계 각국에서 활발하게 진행되어 보고됨. 하지만 국내의 경우, 소수의 연구진들에 의한 인간 배아줄기세포유래 심장세포의 발생기전에 관한 연구가 진행되어 왔지만, 세계적인 수준과는 격차가 있음. \n나. 인간 전분화능줄기세포에서 심근세포로 분화하는 방법은 배아의 심장 발생 과정과 환경을 모티브로 하는 기법들이 개발되었으며 대표적인 3가지 방법으로 1)배발생 단계의 환경과 유사한 형태의 배상체를 형성하여 부유 상태로 배양하는 3D 분화기법, 2)배양용기에 부착된 세포를 직접적으로 분화를 유도하는 2D- direct 분화기법, 3)심근세포 분화에 도움을 주는 성장인자를 분비하는 지지세포와의 공배양 기법(co- culture)으로 구분할 수 있음. \n2.2 3D 배양 기법을 이용한 심근세포 분화 기술의 국외 현황\n가. 1998년 인간배아줄기세포주가 확립된 이후 배상체(Embryoid body, EB)형성기법은 보편적인 분화방법으로 사용되었으며, 효과적인 심근세포 분화기법으로도 개발됨. \n나. 3D 배양 기법은 배양접시 내 부유 상태로 세포를 응집시켜 배상체를 형성하고 심근세포 분화 촉진 성장 인자를 첨가하여 분화를 유도하는 방법으로 약 20일 후에는 심근세포 내 분절구조(sarcomeric structure)와 세포의 응수축(contracting)현상을 확인 할 수 있음. \n다. 하지만, 3D 배양을 이용한 심근세포 분화 유도 방법은 균일하지 않은 배상체 크기로 인한 분화 효율의 차이와 재현성의 문제가 있기 때문에, 고효율로 심근세포를 획득하기 위하여 균일한 크기의 배상체를 형성 할 수 있는 연구들이 진행됨. 대표적으로 StemCell Technologies(사)에서 판매하는 Micro aggrewell plates는 일정수의 세포가 군집된 Aggrewell의 원심분리기를 이용하여 균일한 크기의 배상체를 대량으로 만들 수 있는 장점이 있음. \n2.3 2D- direct 배양 기법을 이용한 심근세포 분화 기술의 국외 현황\n가. 2D- direct 배양 기법은 3D배양 기법과 달리 부착된 세포를 기반으로 분화 단계의 세포 수들을 정량적으로 분화 유도하고 필요한 성장인자들을 손쉽게 조절 할 수 있는 장점이 있음. \n나. 2D- direct 배양 기법은 Wnt 신호 체계를 기반으로한 분화 유도 방법이며, matrigel 코팅 물질과 혈청(serum)을 포함한 배양액에 BMP4, Activin A, FGF2와 같은 성장 인자를 첨가하여 분화 효율을 조절함. \n다. 하지만 동물유래 물질인 serum, matrigel 등은 임상 적용이 불가능하며, 이런 단점을 해결하기 위해 serum- free 배양 조건이 개발되었으며, 임상 적용을 위해 serum- free 배양액이 상용화 되면서 vitronectin, laminin 등의 세포외기질 코팅 물질과 RPMI, B27 supplement 배양액에 성장인자 및 저분자화합물을 첨가한 심근세포 분화 유도 기술이 개발되어 50〜90% 이상의 심근세포 분화 효율이 검증됨. \n라. 최근에는 심근세포 분화에 이용되는 성장 인자를 대체 할 수 있는 저분자화합물(small molecule)이 보고되고 있으며, 비용 절감과 활성도 유지가 높은 특성으로 인해 분화 효율의 재현성이 용이한 장점이 있음. 대표적인 저분자화합물을 이용한 분화 기법으로 GSK3- β inhibitors(CHIR99021, BIO, TWS119, TDZE-8,3F8)와 Wnt inhibitors(IWR-1, IWP2, IWP3, IWP-4, XAV-939, KY02111, WNt- C59)를 사용한 방법이 있으며, GSK3- β inhibitors 처리로 TGF- β 신호체계(BMP2, BMP4, Smad)를 활성시켜 중배엽세포로 초기 분화를 유도한 후, Wnt inhibitors를 처리하여, 80〜90% 이상의 높은 심근세포 분화 효율 연구결과가 보고됨. \n2.4 공배양(Co- culture)기법을 이용한 심근세포 분화 기술의 국외 동향\n가. 공배양 기법은 발생학적 관점에서 접근하여, 심장 발생 과정에 중요한 내배엽성세포를 이용한 심근세포의 분화 유도 방법으로, 인간전분화능줄기세포와 내배엽성세포(END2)의 공배양을 통해, 약 25〜40% 심근세포 분화 효율로 응수축(contracting)하는 심근세포를 분화 유도하는 방법으로 보고됨. \n나. ㅂ공배양 분화 방법은 적은 양의 세포를 이용하여 분화를 유도 할 수 있으며, 성장인자를 첨가 하지 않고 빠른 기간 내에 심근세포를 분화 유도 할 수 있다는 장점이 있음. \n다. 하지만, 공배양에 사용되는 내배엽성 세포를 제거하고 심근세포만을 효과적으로 분리해야 하는 단점이 있음. \n라. 이와 같이 인간전분화능줄기세포에서 심근세포로의 효과적인 분화를 유도하기 위해 다양한 방법들이 개발되어 왔지만, 동일한 분화 조건에도 불구하고 각각의 인간 전분화능줄기세포주별 고유의 유전적 특성에 따라 분화 효율이 다르기 때문에, 이를 반영한 보편적으로 활용 가능한 심근세포 분화 기법의 개발이 요구됨. \n2.5 인간 전분화능줄기세포유래 심근세포 생산 기법의 국내 개발 현황\n가. 2006년 국내에서 3D 분화기법을 이용한 한국인의 인간 배아줄기세포주를 이용한 심근세포 분화 기술이 개발된 이후, 국내 유수의 연구기관에서 심근세포 생산 및 활용 기법에 대한 연구를 진행하고 있음. \n나. 하지만, 전 세계적으로 발표된 관련 연구 결과에 비하면, 국내에서는 2006년 이후, 지금까지 20여편의 연구 결과만이 보고되었을 뿐 아니라 연구 결과의 질적인 면에 있어서도 글로벌 경쟁력이 상당히 낮은 연구 분야임. \n다. 국내 연구진들이 줄기세포 관련 세포치료제 및 간, 신경 세포 활용 연구에 있어서는 질적/양적으로 글로벌 경쟁력을 확보하고 있는 현 시점에서, 유독 심근세포 관련 분야의 성과가 저조한 것은 연구의 주요 세포자원인 심근세포의 원활한 생산 기술력의 부재에서 초래한 결과라고 판단됨. \n라. 따라서, 본 연구를 통해 인간 전분화능줄기세포유래 심근세포 생산 기술력을 확보하여, 관련 기술을 필요로 하는 국내 연구자들에게 보급하는 것이 당면 과제를 타파할 수 있는 중요하고 시급한 사안이라 사료됨. \n3.1. 1차 연도\n가. 개발 목표 \n(1)1세부(단독)과제/건국대학교: 줄기세포 연구활용 촉진을 위한 사람 전분화능 줄기세포의 심근세포 분화 표준 프로토콜 개발 및 평가기준 수립\n나. 연구개발 내용 및 범위\n(2)연구개발 내용 2: 심근세포 분화 및 정제기법 개발\n• 세포주별 배상체 형성을 통한 삼배엽성 분화 특성 분석\n• 3D 분화 기법을 이용한 중배엽성 및 심근세포 분화 효율 탐색\n• Feeder- free 조건을 이용한 미분화 세포 유지 배양 조건 구축\n•2D 기반 BMP4/Activin A 및 저분화 화합물을 이용한 심근세포 분화 효율 탐색\n• 세포주별 분화 효율 탐색을 통한 분화 기법의 최적화\n•2D/3D 기반 분화 세포의 대사 조절 배양 조건을 이용한 심근세포 정제 효율 탐색\n• 제공된 세포주를 이용한 2D/3D 기반 새로운 프로토콜 효율 탐색\n• Low glucose/serum- free 배양 조건에서의 심근세포 정제 효율 분석\n• 세포주별 정제 효율 분석을 통한 정제 기법의 최적화\n(5)연구개발 내용 5: 심근세포 생산 프로토콜 확립 및 발주부서 기술 이전\n•심근세포 분화 프로토콜 확립\n•심근세포 정제 프로토콜 확립\n•각 세포주에 알맞은 프로토콜을 상세하게 작성하여 발주부서 연구원에서 SOP 제공\n•발주부서 연구원과의 미팅을 통하여 문제점 보완하여 표준화된 프로토콜 확립 \n•확립된 프로토콜의 발주부서 연구원에게 기술 이전\n4.1 발주부서 제공 세포주 확보 및 IRB 승인\n가. 용역 과제 발주부서에서 제공받은 3종의 세포주(CMC3, CMC9, CMC11)에 대하여, 기관윤리위원회로부터 IRB 승인을 받음(2017년 05월 20일). \n4.2 인간 전분화능줄기세포주별 배양조건 확립 및 분화 능력 탐색\n가. 인간 전분화능줄기세포주별 미분화 유지 배양\n(1)발주부서에서 제공받은 3종의 세포주를 기 확립한 방법인 feeder- free 배양조건으로 미분화를 유지배양 함. \n(2)3종 세포주별 배양 조건을 구축함과 동시에 유지배양 세포의 핵형을 분석한 결과, 3종 세포주(CMC3, CMC9, CMC11)모두 정상 염색체임을 확인함으로써 안정적인 유지배양 조건을 확립함. \n나. 인간 전분화능줄기세포주별 삼배엽성 분화 특성 분석\n(1)세포주별 삼배엽성 세포분화 능력을 평가하고자, 미분화 세포로부터 자발적 분화를 유도할 수 있는 부유배양 기법을 이용하여 배상체를 형성함. \n(2)형성된 배상체내 삼배엽성 분화 세포의 유전자 발현을 조사하기 위하여, qRT- PCR 기법으로 대표적인 미분화 및 삼배엽성 유전자에 대한 발현 정도를 5일과 10일간 분화 유도한 배상체를 대상으로 분석함. \n(3)분석을 위한 대조군으로 인간배아줄기세포주(H9- hESC), 인간유도만능줄기세포주(BJ1- iPSC)2종을 사용함. \n(4)대조군 대비 실험군 3종 세포주의 유전자 발현 양상을 분석한 결과, 분화가 유도된 배상체 5일과 10일에서 미분화 유전자 Oct4 발현이 감소한 반면, 분화가 진행됨에 따라 삼배엽 분화 유전자(Tubb3; 외배엽, Brachyury; 중배엽, AFP; 내배엽)발현이 증가하는 것을 확인함. 따라서 배상체 형성 기법에 의한 3종 실험군 세포주의 분화가 유도됨과 동시에 삼배엽 분화 유전자의 발현 증가 분석 결과를 통해 실험군 세포주 3종에 대한 전분화능을 검증함. \n(5)3종의 실험군 세포주중에서 특이적으로 CMC3 세포주의 경우, 다른 대조군 및 실험군에 비해 빠른 분화가 유도됨을 Oct4 발현 양상으로 확인할 수 있으며, 심근세포 분화발생에 중요한 중배엽 분화 유전자의 발현이 동일한 분화기간 동안에 상대적으로 높게 발현되는 것을 확인함. \n4.3. 인간 전분화능줄기세포를 이용한 심근세포 분화방법 구축\n가. 세포주별 최적 분화 기법 탐색 및 구축 \n(1)대표적인 심근세포 분화 기법인 2D- direct 유도법과 3D 부유배양법을 이용하여, 3종의 세포주별 최적 분화 효율을 분석함. \n(2)배상체 형성을 통한 3D 분화 기법의 경우, 최초 형성되는 배상체의 크기에 따라 심근세포의 분화 효율이 최대 30% 이상 차이남과 동시에 분화된 심근세포만을 선택적으로 정제하기 위하여, 배상체를 배양용기에 부착하는 과정이 요구되어, 본 용역과제에서는 안정적인 분화 효율과 심근세포 선별에 용이한 2D- direct 분화 유도법을 선정하여, 세포주별 최적 분화 효율을 탐색함. \n(3)2D- direct 분화 기법을 이용한 심근세포 유도 방법으로는 미분화 세포를 feeder- free 배양 조건으로 4일간 유지배양 후, 초기 심근세포 분화에 중요한 Gsk/Wnt 신호 전달에 관여하는 저분자화합물(small molecule)혹은 성장인자(growth factor)조합과 농도를 조절하는 방법으로 최적 분화 효율을 탐색함. \n(4)CMC3 세포주의 최적 분화 효율 탐색 결과, TeSR- E8 배양액 조건으로 3일간 유지배양 후, 미분화세포의 밀도가 ~90% 관찰되는 시점에 4일간 CHIR99021, Wnt- C59 2종의 저분자화합물을 순차적으로 처리하여 세포 응집(cluster)형태가 관찰됨. 이후 RPMI1640 / B27(- insulin)배양액과 Advanced MEM 배양액으로 교체하여 약 10일간 배양한 시점에 응수축(contracting)심근세포가>50% 분화 유도되며, 상기의 방법이 CMC3 세포주로\n(5)CMC9, CMC11 세포주의 최적 분화 효율 탐색 결과, mTeSR 배양액 조건으로 3일간 유지배양 후, 미분화세포의 밀도가 ~90% 이상 관찰되는 시점에 4일간 1-3 µM CHIR99021,2-3 µM Wnt- C59 2종의 저분자화합물을 순차적으로 처리하여 세포 응집(cluster)형태가 관찰됨. 이후 BSA/Ascorbic acid 배양액으로 교체하여 7일 이상 배양한 시점(분화 14일)에서 응수축 심근세포가>50% 분화 유도됨을 확인함. \n(6)CMC3 세포주에 비해, CMC9, CMC11 세포주의 중배엽성 분화 효율이 낮은 것이, 심근세포 분화 시점을 지연한 원인이라 판단됨. 하지만 CMC3 분화 프로토콜(SOP)에 기반하여, 초기 분화 유도 저분화화합물의 처리 농도를 조절한 결과에서 응수축 심근세포가 분화 유도됨을 확인함으로써, 본 연구진이 확립한 심근세포 분화 프로토콜은 세포주별 분화능력을 고려하여, 적용할 수 있는 표준 프로토콜이라 사료됨. \n나. 심근세포의 정제기법 최적화\n(1)체내 모든 세포로 분화 가능한 전분화능줄기세포는 목적으로 하는 세포의 분화 효율이 높아도 목적세포외 다양한 분화 세포가 동시에 발생하게 됨으로, 반드시 목적세포만을 효과적으로 정제할 수 있는 기법이 요구됨. 특히 심근세포의 경우, 표면표지인자의 정확히 규명되지 않아 유세포 분석기를 이용한 세포 정제법 활용에 한계가 있음. 최근 캐나다 연구진에 의해 SIRPA 표면표지인자를 이용한 심근세포 정제 기법이 소개된바 있지만, 보편화된 기법으로 확립되지 않은 상황이며, 본 연구진에서도 SIRPA 표면표지인자를 이용한 심근세포 정제를 시도하였지만, 효과적인 정제기법으로 구축하지 못함. \n(2)유세포 분석기법을 대체하는 새로운 심근세포 정제 기법으로 대사조절 배양액을 이용한 메타볼릭 분리(metabolic selection)기법이 개발됨. 심근세포는 세포내 30% 이상의 부피로 미토콘드리아가 존재하고 있어, 일반적인 세포와 달리 많은 양의 에너지 대사 조절을 위해 락테이트(lactate)를 이용하는 세포 특성에 적합한 배양액 조성을 개발하여, 심근세포만을 선택적으로 분리할 수 있는 방법으로 고안된 것이 메타볼릭 \n분리 기법임. \n(3)본 연구진은 분화된 심근세포만을 효과적으로 정제하기 위해, 상기 제시한 메타볼릭 분리 기법을 이용함과 동시에 본 연구진이 심근세포 정제 기법으로 보고한바 있는 무혈청 배지 조성을 조합하여 최적의 정제 기법을 탐색함. \n(4)무혈청 배양액 조성으로 DMEM, DMEM/F12, RPMI 1640, alpha- MEM, 배지 조건과 배양 첨가제 조성으로 N2, B27, Stempro, BSA 조건을 대사 조절 배양액 조성과 조합하는 방식으로 심근세포 정제 효율을 탐색함. \n(5)CMC3 세포주의 경우, RPMI1640 / B27 or BSA / Lactate 대사 조절 배양액 조합에서 효과적으로 심근세포가 정제됨을 확인함. 하지만 BSA 제품이 최근 단종됨에 따라, 최적의 정제 배양액으로 RPMI1640 / B27 / Latate 조성을 선정함. 선정한 조성을 이용해 CMC9, CMC11 세포주에 적용한 결과에서도 효과적으로 심근세포가 정제됨을 확인함. \n4.4 심근세포의 특성 분석 \n가. 고순도 심근세포의 특성 분석\n(1)심근세포 특성에 대하여, 확인ㆍ순도ㆍ역가 분석 기법으로 검증하는 기준법을 구축하고자 본 연구진에서는 확인 기법으로 최초 분화된 심근세포의 응수축 능력을 육안으로 관찰하는 방법을 제시하였으며, 순도 평가 기법으로 정제된 세포를 심근세포 표지인자로 면역 염색한 후, 발현 정도를 형광현미경으로 관찰하는 방법과 유세포 분석기를 이용한 90% 이상의 정제 효율 검증 방법을 제시하고, 역가 즉 심근세포의 전기 생리학적 기능 분석을 위해서는 patch clamp 장비를 이용하여 고순도 심근세포의 동방결절(SA Node), 심방(Atrium), 심실(Ventricle)특성을 분석함. \n(2)CMC3, CMC9, CMC11 세포주별 분화된 심근세포를 정제하여, 특성을 분석한 결과, 3종 세포주 모두 응수축 현상을 육안으로 확인하였으며, 심근세포 표지인자 cTnT / sarcomeric actin / MLC2v 발현 여부를 면역염색과 유세포분석기(FACS)를 이용하여 순도를 분석함. \n(3)분화 및 정제된 심근세포군에서는 미분화 표지인자 Oct4 발현 세포가 존재하지 않았으며, 발주부서에 제공한 미분화 / 분화 단계별 세포에 대한 안전성을 분석한 결과 염색체 및 암 발생에 관여하는 유전체의 변이가 발생하지 않은 것을 확인함. \n나. 전기 생리학적 특성 분석을 통한 심근세포 기능 분석\n(1)심근세포의 가장 중요한 기능 분석 방법으로 patch clamp 기법을 이용함. Patch clamp 전압고정기법(voltage- clamp configuration)은 심근세포 이온통로의 활동을 분석할 수 있으며, 전류고정기법(current- clamp configuration)은 심근세포의 활동전압을 분석할 수 있음. \n(2)심근세포 활동전압 분석은 2011년 발표된 논문(Ma et al, Am J Physiol Heart Circ Physiol)의 파라미터 분석법을 참고함. 활동전압의 탈분극(depolarization)및 재분극(re- polarization)속도를 기준으로 분석하며, 동방결절(SA node)의 탈분극 특성을 가지는 세포(10 V/s 이하, dV/dt_max), 심실(Ventricle)의 재분극 특성을 가지는 세포(1.5 ratio 이상, ratio = APD30-40 / APD80-90)형태로 분류함. 그 외의 세포를 심방세포로 분류할 수 있으며, 동방결절과 심실세포 사이의 특성으로 나타남. \n(3)CMC3 세포주 유래 심근세포의 자발성- 활동전압(spontaneous AP)은 박동수(beat rates)와 파형(waveform morphology)이 미성숙 심근세포의 특성이 확인됨에 따라 측정 세포별 활동전압 파형의 파라미터를 분석하여, Nodal- , Atrial- , Ventricular- 심근세포로 분류함. \n4.5 심근세포의 전기 생리학적 특성을 이용한 약물 독성 반응검사\n가. 약물 선정\n(1)최근 신약개발 단계에서 활용되고 있는 Kv11.1 이온통로 중심의 약물반응 검사(의약품규제조화위원회 가이드라인: ICH E14 & S7B)의 한계를 극복하고자, 기존의 신약개발 단계의 심독성 검사를 세분화 하고 발전시킨 CiPA(Comprehensive In vitro Proarrhythmia Assay)의 필요성이 대두되고 있음. \n(2)인간줄기세포유래 심근세포를 이용한 독성평가의 단계별 분석 방법(CiPA)으로, hERG 채널 포함 5종류의 이온채널 추가, in silico 분석 시스템, MEA FPD(Field Potential Duration)분석 시스템에 대한 세부사항이 2017년 12월 확정될 것으로 예상됨. \n(3)성숙한 심근세포의 전기적 활동은 다음의 이온채널들(Nav1.5, Cav1.2, Kv11.1, Kv4.3, Kv7.1 Kir2.1)의 온전한 조율로 이루어지며, 그 중 하나의 이온채널이나 그 이상의 복합적인 변화는 심장의 안정적인 리듬의 이상으로 생명을 위협하는 부정맥(TdP, Torsades de pointes)을 유발할 수 있음. \n(4)따라서 본 연구에서는 CiPA 권고 이온채널들 중, 필수 이온채널 3종(Nav1.5, Cav1.2, Kv11.1)을 억제하는 약물(Mexiletine, Nifedepine, E-4031)을 선택하여 약물 반응 분석 및 CiPA 활용가능성을 검증함. \n나. 약물 반응 검사 \n(1)Mexiletine, Nifedipine, E-4031 선정한 3종의 약물은 이온채널(Nav1.5, Cav1.2, Kv11.1)을 억제하는 약물로 본 연구에서는 3종 약물에 대한 심장독성반응을 Multi Electrode Array(MEA)시스템을 이용해 확인함. \n(2)MEA 분석 결과, E-4031 약물처리에 의해 FPD(Field Potential Duration)현상이 길어지는 것을 확인함. \n(3)MEA 시스템을 통해 기록된 심근세포의 전기신호는 FPD(Field Potential Duration, ms), Beat rate(Hz), Max slope(V/s), Peak amplitude(mV)네 가지 다른 분석법을 통해 심근세포의 특성을 확인. \n(4)본 결과를 통해 CMC3 세포주 유래 심근세포의 이온채널(Nav1.5, Cav1.2, Kv11.1)의 발현 여부를 확인함과 동시에 선정한 약물 3종의 농도에 따른 체외 환경 심근세포에서도 활동전압의 유의적인 변화가 발생함을 검증하였으며, 약물의 심독성- 부정맥 유발\n5.1. CMC3 세포주를 이용한 심근세포 분화 SOP 확립. \n가. 유지배양, 분화, 정제 및 동결 배양액 및 시약 정보\n나. 미분화 인간전분화능줄기세포(CMC-3)유지배양 방법\n(1)미분화 유지배양용 시약 Y27632 제조방법\n(가)구매한 Y27632 10 mg 용기에 PBS(Ca+, Mg+- Free)용액 1 ml 첨가하여 녹여줌. \n(나)녹인 후, 15 ml 튜브에 옮겨서 PBS 용액 2 ml 추가함. (총 3ml 용량으로 제조)\n(다)제조한 10 mM Y27632 용액은 1.8 ml EP 튜브를 이용하여 100 µl 용량으로 분주 후 -20°C 냉동 보관함. \n(라)세포 배양 시, 배양액 1 mL 기준 분주한 용액 1 μl 첨가하여 사용함. (처리농도: 10 µM /ml)\n(2)미분화 유지배양용 배양접시 vitronectin 코팅 방법\n(가)구매한 vitronectin 용액을 4°C 냉장에서 24시간 해동함. \n(나)저온 상태의 50 ml PBS(Ca+, Mg+)용액에 해동한 vitronectin 용액 500 µl 용량으로 혼합함(1:100 희석)\n(다)희석한 vitronectin 용액 4 ml 용량을 60 mm 배양접시에 넣어주고, 골고루 코팅 될 수 있도록 배양접시를 가볍게 흔들어 퍼질 수 있도록 함. \n(라)Vitronectin 용액이 첨가된 60 mm 배양접시를 37°C 인큐베이터에서 1시간 코팅 후, 사용함. \n(3)미분화 유지배양을 위한 TeSR- E8 배양액 제조 및 보관 방법\n(가)구매한 TeSR- E8 배양액은 기본 배양액 474 ml(4°C 냉장보관), 1 ml 과 25 ml 용량의 supplement 3가지 용액으로 구성되어 판매됨. \n(나)Supplement 용액 2종은 4°C 냉장에서 해동하여 사용함. \n(다)해동된 supplement 용액 2종은 474 ml 기본 배양액에 첨가하여, 500 ml 용량의 TeSR- E8 배양액을 제조함. \n(라)제조한 TeSR- E8 배양액은 50 ml 튜브에 40 ml 용량으로 분주 하여 냉장 보관함. (세포 배양시, 배양액은 상온의 온도로 예열(warming)한 후 사용함)\n(4)계대배양을 위한 EDTA 보관 및 처리 농도\n(가)구매한 0.5 M EDTA 용액을 500 ml PBS(Ca+, Mg+- Free)용액에 500 µl 첨가함. (0.5 mM EDTA 농도로 희석)\n(나)제조된 0.5 mM EDTA 용액은 50 ml 튜브에 50 ml 용량으로 분주하여 상온 보관함. \n(5)미분화 인간전분화능줄기세포(CMC-3)유지배양 및 계대배양 방법\n# TeSR- E8 배양액: 사용 1시간 전에 상온에서 예열(warming)함 \n# Vitronectin 코팅 배양접시: 사용 1시간 전에 인큐베이터에서 코팅함 \n(가)CMC-3(hiPSC)3 x 106세포를 virtonectin 코팅된 60 mm 배양접시에 seeding 후, 미분화 유지배양액(TeSR- E8)으로 4일간 배양하면 90% 이상의 밀도로 배양접시에서 증식함. (24시간 기준으로 배양액을 교체함)\n(나)90% 이상의 밀도로 성장한 CMC-3 미분화세포 배양접시에서 TeSR- E8 배양액을 제거 후, PBS(Ca+, Mg+- Free)용액 1 ml 넣어 배양액을 세척(wash out)함. \n(다)상온에서 보관 중인 0.5 mM EDTA 용액을 2 ml 처리한 후 37°C 인큐베이터에서 4분동안 EDTA 용액과의 반응을 유도함. (4분간의 반응 시간 동안에 vitronectin 코팅된 배양접시에 TeSR- E8 배양액을 3 ml 넣어줌)\n(라)인큐베이터에서 4분간 EDTA 반응으로 세포 간격이 분리되는 현상을 현미경으로 확인한 후, 배양접시를 기울여 0.5 mM EDTA 제거함. (1000 µl 피펫 사용: 세포가 함께 제거되지 않도록 주의할 것)\n(마)EDTA 용액 제거 후 1 ml 용량의 PBS(Ca+, Mg+- Free)용액을 배양접시 벽면으로 천천히 넣어 EDTA 용액을 세척하고, PBS 제거함. (1000 µl 피펫 사용)\n(바)PBS 용액이 제거된 배양접시에 4 ml 용량의 TeSR- E8 배양액과 10 mM Y27632 용액 4 µl(처리농도: 10 μM/ml)용량을 함께 넣어준 후, 1000 µl 피펫으로 수차례 피펫팅하여, 배양접시에서 세포를 분리함. \n(사)분리한 세포는 준비해둔 3 ml 용량의 TeSR- E8 배양액이 첨가된 vitronectin 코팅 배양접시 4개에 각각 1 ml 용량으로 계대하여 잘 섞이도록 흔들어준 후, 인큐베이터에서 배양함. (Y27632 용액은 는 계대배양 첫날에만 첨가함)\n다. 심근세포 분화를 위한 준비 단계\n(1)심근세포 분화에 필요한 시약 CHIR99021 제조 및 방법\n(가)구매 한 5 mg CHIR99021 용기에 2.15 ml DMSO 용액을 첨가하여 1000 µl 피펫을 이용하여 천천히 혼합함. \n(나)CHIR99021 용액이 투명하게 녹았는지 확인 후, EP 튜브에 50 µl 분주하여 10 mM CHIR99021 농도로 -20°C 냉동 보관함. (한번 해동한 CHIR99021 시약은 냉동 보관하지 않고 4°C 냉장보관하며 1주내 사용권장)\n(다)심근세포 분화 시, 배양액 1 ml 당 분주한 CHIR99021 용액을 0.2 µl(분화 Day 0), 0.3 µl(분화 Day 1)첨가하여 심근세포 분화용액을 제조함. \n(2)심근세포 분화에 필요한 C59 제조 및 보관 방법\n(가)구매 한 10 mg C59 용기에 1 ml DMSO 용액으로 첨가하여 녹여줌. \n(나)녹인 후, C59 용액을 15 ml 튜브로 옮겨 1.6354 ml DMSO 용액을 추가하고 1000 µl 피펫팅으로 혼합함. \n(다)C59 용액이 투명하게 녹았는지 확인 후, EP 튜브에 50 µl 분주하여 10 mM C59 농도로 -80°C 냉동 보관함. (한번 해동한 C59 시약은 냉동 보관하지 않고 4°C 냉장보관하며 1주내 사용권장)\n(라)심근세포 분화 시, 배양액 1 ml 당 분주한 C59 용액을 0.2 µl(분화 Day 2), 0.1 µl(분화 Day 3)C59 첨가하여 심근세포 분화용액을 제조함. \n(3)심근세포 분화를 위한 배양접시 matrigel 코팅 방법\n(가)구매 한 10 ml matrigel 용기를 4°C 냉장에 넣어 24시간 동안 해동하여 액체화 시켜줌. \n(나)액체화된 matrigel 용액은 EP 튜브에 500 μl 분주하여 -20°C 냉동 보관함. \n(다)Matrigel 코팅을 위해, -20°C에서 냉동 보관중인 matrigel 500 μl EP 튜브를 사용 하루 전날 4°C 냉장상태에서 해동함. \n(라)액체상태의 matrigel 500 μl 용액을 저온의 DMEM/F12 50 ml 용액에 첨가하여, 피펫에이드를 이용하여 피펫팅 하면서 혼합함. (1:100 희석)\n* 반드시 matrigel 상태가 액체화 되었는지 확인 후 사용해야 함. \n** 상온에서 젤(gel)화 되는 것을 방지 하기 위해 사용되는 Tip은 냉동실에 넣어두고, matrigel 용액과 희석에 필요한 시약은 아이스(ICE)를 이용하여 저온상태를 유지해야 함. \n(마)1:100 농도로 희석한 matrigel 용액을 60 mm 배양접시에 4 ml 넣어 준 후, 골고루 코팅 될 수 있도록 배양접시를 가볍게 좌우로 흔들어 퍼질 수 있도록 함. \n(바)희석된 matrigel 용액이 고루 퍼진 배양 접시는 상온에서 30분 이상 코팅 후 사용함. \n* Matrigel 코팅 배양접시를 보관하고자 할 때에는 파라필름(parafilm)으로 테두리를 봉인 한 후 4°C 냉장보관이 가능하나 2주 안에 사용하는 것을 권장함. \n(4)심근세포 분화용 배양액 #1 제조 및 보관 방법\n(가)-20°C 냉동 보관 시약 B27(- insulin)supplement 용액을 4°C 냉장 상태에서 해동함. \n(나)500 ml RPMI 1640 용액에 해동한 10 ml B27(- insulin)용액을 첨가함. \n(다)RPMI1640/B27(- insulin)혼합 용액에 5 ml enicillin/streptomycin 첨가하여 배양액을 제조함. \n(라)제조한 배양액은 50 ml 튜브에 40 ml 용량으로 분주하여 4°C 냉장 보관함. \n(5)심근세포 분화용 배양액 #2 제조 및 보관 방법\n(가)500 ml 용량의 Advanced MEM 용액에 5 ml GlutaMax 용액을 첨가함. \n(나)Advanced MEM/GlutaMax 혼합 용액에 5 ml penicillin/streptomycin 첨가하여 배양액을 제조함. \n(다)제조한 배양액은 50 ml 튜브에 40 ml 용량으로 분주하여 4°C 냉장 보관함. \n라. 심근세포 정제를 위한 준비단계\n(1)심근세포 정제를 위한 sodium lactate 제조 방법\n(가)구매한 sodium lactate 1.43 ml 용액에 1 M HEPES 용액 8.57 ml 첨가하여, 1M sodium lactate 제조함. \n(나)제조한 1 M sodium lactate 용액을 2 ml 용량으로 분주하여 4°C 냉장 보관함. \n(2)심근세포 정제에 필요한 배양액 제조 방법(정제 배양액)\n(가)-20°C 냉동 보관 시약 B27 supplement 용액을 4°C 냉장 상태에서 해동함. \n(나)500 ml RPMI 1640(- glucose)용액에 해동한 10 ml B27 용액 첨가함. \n(다)RPMI1640(- glucose)/B27 혼합 용액에 5 ml enicillin/streptomycin 첨가함. \n(라)RPMI1640(- glucose)/B27/penicillin/streptomycin 혼합용액에 1 M sodium lactate 2 ml 첨가하여 정제용 배양액 제조함. \n(마)제조한 배양액을 0.22 µm 필터 후, 50 ml 튜브에 40 ml 용량으로 분주하여 4°C 냉장 보관함. \n(3)심근세포 정제용 배양접시 gelatin 코팅 방법. \n(가)구매한 2% gelatin 2.5 ml 용액에 3차증류수 47.5 ml 용량을 첨가하여, 0.1% gelatin 용액을 제조함. \n(나)제조한 gelatin 용액을 0.22 µm 필터 후, 10 ml 용량으로 분주하여 4 °C 냉장 보관함. \n(다)0.1% gelatin 용액 4 ml 용량으로 60 mm 배양접시에 넣어주고 상온에서 30분간 코팅함. \n(라)30분 후에 0.1% gelatin 제거 후, 클린벤치 안에서 30분 이상 건조 시켜줌. (완전히 건조된 후 사용해야 함)\n(4)정제를 위한 FBS 배양액(enzyme inactivation)제조 방법\n(가)500 ml DMEM 용액에 2 ml GlutaMax 용액을 첨가함. \n(나)DMEM/GlutaaMax 혼합용액에 5 ml penicillin/streptomycin 용액을 첨가함. \n(다)DMEM/GlutaMax/penicillin- streptomycin 혼합용액에 50 ml FBS 첨가하여 배양액을 제조함. \n(라)제조한 배양액을 50 ml 튜브에 40 ml 용량으로 분주하여 4°C 냉장 보관함. \n(1)심근세포 분화를 위한 matrigel 코팅 배양접시에서의 CMC3 미분화세포 배양 방법(Stage 0)\n(가)Vitronectin 코팅된 배양접시에서 90 % 이상의 밀도로 증식한 CMC3 세포 배양액(TeSR- E8)을 제거 후, 1 ml 용량의 PBS(Ca+, Mg+- Free)용액을 넣어 배양액을 세척(wash out)함. \n(나)0.5 mM EDTA 용액을 2 ml 용량으로 처리한 후, 37°C 인큐베이터에서 4분동안 EDTA 용액과 반응 유도함. (4분간의 반응 대기시간 동안에 matrigel 코팅된 배양접시에 3 ml 용량의 미분화세포 배양액(TeSR- E8)을 넣어 줌)\n(다)인큐베이터에서 4분간 EDTA 반응으로 세포 간격이 분리 된 것을 현미경으로 확인한 후, 배양접시를 기울여 0.5 mM EDTA 제거함. (1000 µl 피펫 사용: 단일 세포로 분리된 세포가 함께 제거되지 않도록 주의할 것)\n(라)EDTA 제거 후 1 ml 용량의 PBS(Ca+, Mg+- Free)용액을 배양접시 벽면으로 천천히 넣어 EDTA 용액을 세척하고, PBS 제거함. (1000 µl 피펫 사용)\n(마)PBS 용액이 제거된 배양접시에 4 ml 용량의 TeSR- E8 배양액과 10 mM Y27632 용액 4 µl(처리농도: 10 μM/ml)용량을 함께 넣어준 후, 조심스럽게 1000 µl 피펫으로 수 차례 피펫팅하여, 배양접시에서 세포를 분리함. \n(바)분리한 세포는 준비해둔 3 ml 용량의 TeSR- E8 배양액이 첨가된 matrigel 코팅 배양접시 4개에 각각 1 ml 용량으로 계대하여 잘 섞이도록 흔들어준 후, 인큐베이터에서 배양함. (Y27632 용액은 계대배양 첫날에만 첨가함)\n(사)계대배양한 세포는 매일(24시간 간격)새로운 4 ml 용량의 미분화유지배양액(TeSR- E8)으로 교체하며, 4일 동안 배양함. \n(2)CMC3을 이용한 심근세포 1단계 분화 방법(Stage 1, Day 0~2)\n(가)10 ml 용량의 배양액 #1과 10 ml 용량의 배양액 #2를 준비함. \n(나)배양액 #1과 배양액 #2를 1:1 비율로 20 ml 용량의 배양액 #3을 제조함. \n(다)냉동보관 중인 10 mM CHIR99021 시약을 상온에서 해동함. (투명하게 녹았는지 확인함)\n(라)제조한 20 ml 용량의 배양액 #3에 해동한 10 mM CHIR99021 용액을 4 µl 용량으로 첨가함. (사용농도: 2 µM CHIR99021)\n(마)4일동안 배양된 CMC3(세포밀도 95% 이상)세포 배양접시에서 배양액(TeSR- E8)을 제거함. \n(바)배양액 제거 후, 2 µM 농도의 CHIR99021 용액을 첨가하여 제조한 배양액 #3을 4 ml 용량으로 첨가하여 Day 0~1 분화를 시작함. \n(사)24시간 후, 20 ml 용량의 배양액 #1에 해동한 10 mM CHIR99021 용액을 6 µl 용량으로 첨가하여 Day 1~2 분화 배양액을 제조함. (사용농도: 3 µM CHIR99021)\n(아)Day 0~1 분화 배양액 제거 후, 3 µM 농도의 CHIR99021 용액을 첨가하여 제조한 배양액 #1을 4 ml 용량으로 첨가하여 Day 1~2 분화를 진행함. \n(3)CMC3을 이용한 심근세포 2단계 분화 방법(Stage 2, Day 2~4)\n(가)냉동보관 중인 10 mM C59 시약을 상온에서 액체상태로 해동함. (투명하게 녹았는지 확인함)\n(나)20 ml 용량의 배양액 #1에 해동한 10 mM C59 용액을 4 µl 용량으로 첨가함. (사용농도: 2 µM C59)\n(다)24시간 후, Day 1~2 분화 배양액을 제거함. \n(라)배양액 제거 후, 2 µM 농도의 C59 용액을 첨가하여 제조한 배양액 #1을 4 ml 용량으로 첨가하여 Day 2~3 분화를 진행함. \n(마)24시간 후, 20 ml 용량의 배양액 #1에 해동한 10 mM C59 용액을 2 µl 용량으로 첨가하여 Day 3~4 분화 배양액을 제조함. (사용농도: 1 µM C59)\n(바)Day 2~3 분화 배양액 제거 후, 1 µM 농도의 C59 용액을 첨가하여 제조한 배양액 #1을 4 ml 용량으로 첨가하여 Day 3~4 분화를 진행함. \n(4)CMC3을 이용한 심근세포 3단계 분화 방법(Stage 3, Day 4~10)\n(가)24시간 후, Day 3~4 분화 배양액을 제거함. \n(나)배양액 제거 후, 4 ml 용량의 배양액 #1로 교체 후 48시간 동안 배양함(Day 4~6). \n(다)48 시간 후, 배양액 #1 제거함. \n(라)배양액 #1 제거 후, 4 ml 용량의 배양액 #2로 교체하여 48시간 동안 배양함(Day 6~8). \n(마)48 시간 후, 배양액 #2 제거함. \n(바)배양액 #2 제거 후, 4 ml 용량의 배양액 #2로 교체하여 48시간 동안 배양함(Day 8~10). \n(사)분화 10일 전후로 배양접시 내에서 수축 이완(Beating)하는 심근세포가 현미경으로 관찰 됨. \n*분화 10일 이후에도 수축 이완 세포가 현미경으로 관찰되지 않을 경우, 배양액 #2를 이용하여 48시간 마다 배양액을 교체하며 분화 유도를 진행함. \n**최대 분화 20일 이후에도 수축 이완 세포가 현미경으로 관찰되지 않을 경우, 심근세포 분화에 실패한 것으로 판단함. \n***분화 실패의 가장 큰 요인은 분화 Day 0 세포의 90% 이상 밀도 조절에 있음. \n바. 심근세포 정제 방법\n(가)수축이완 심근세포 관찰 후, Day 8~10 배양액 #2 제거함. \n(나)2 ml 용량의 PBS(Ca+, Mg+- Free)용액으로 배양액을 세척(wash out)하고, PBS 제거함. \n(다)TrypLE Express 효소 용액 2.5 ml 용량과 0.25% Trypsin- EDTA 효소 용액 0.5 ml 용량을 혼합하여(혼합효소 총 용량 3 ml), PBS 세척한 심근세포 배양접시에 첨가한 후, 15분 동안 세포 배양 인큐베이터에서 효소의 반응을 촉진함. \n(라)세포 배양 인큐베이터에서 15분 동안 효소와의 반응으로, 단일 심근세포로 분리된 것을 현미경으로 관찰한 후, 6 μl 용량의 10 mM Y27632 용액을 첨가함. (3 ml 용량의 혼합 효소를 제거하지 않고, Y27632 용액을 첨가함)\n(마)4 ml 용량의 10% FBS 배양액을 추가로 첨가한 후, 1000 μl 피펫으로 수차례 피펫팅 하여 배양접시에서 세포를 분리함. \n(바)분리한 심근세포를 15 ml 튜브에 옮겨 3분 동안 원심 분리함. (1000 RPM)\n(사)원심분리 후, 상층액을 제거하고 4 ml 용량의 10% FBS 배양액과 4 μl 용량의 10 mM Y27632 용액을 첨가하여 1000 μl 피펫으로 수차례 피펫팅함. \n(아)피펫팅 후, 심근세포가 포함된 1 ml 용량을 3 ml 용량의 배양액 #2과 혼합하여, 0.1% gelatin 코팅된 60 mm 배양접시에 넣어서 세포가 고루 퍼질 수 있도록 하여 세포 배양 인큐베이터에서 배양함. \n(자)배양 3일(Day 10~13)후, 수축이완 심근세포가 현미경으로 관찰되면, 배양액을 제거하고, 제조한 4 ml 용량의 정제 배양액으로 교체함. (정제 배양액 제조방법: IV. 심근세포 정제를 위한 준비단계 참고)(PBS 세척은 하지 않음)\n(차)정제 배양액은 3일 간격으로 교체하며, 총 6일 동안(Day 13~19)60 mm 배양접시 기준으로 4 ml 용량으로 2회 교체함. \n(카)배양 6일(Day 13~19)후, 정제 배양액을 제거하고 60 mm 배양접시 기준으로 4 ml 용량의 배양액 #2로 교체하여 배양함. (PBS 세척은 하지 않음)\n(타)Day 19 정제 이후에는 60 mm 배양접시 기준으로 4 ml 용량의 배양액 #2를 2일 간격으로 교체하면서 배양을 진행함. (PBS 세척은 하지 않음)\n사. 심근세포 동결 방법\n(1)심근세포 동결방법\n(가)정제된 심근세포 배양접시에서 배양액 #2를 제거 후, 2 ml 용량의(60 mm 배양접시 기준)PBS(Ca+, Mg+- Free)용액으로 배양액을 세척함. (60 mm 배양접시 기준)\n(나)PBS 세척 후, 제조한 3 ml 용량의(60 mm 배양접시 기준)혼합효소 용액을 배양접시에 첨가하여, 세포 배양 인큐베이터에서 5분 동안 혼합효소와 심근세포의 반응을 촉진함. (혼합효소 제조방법: VI. 심근세포 정제 방법)\n(다)혼합효소와 5분 동안 반응으로 단일 세포화 된 심근세포를 현미경으로 관찰한 후, 6 μl 용량의(3 ml 용량 기준)10 mM Y27632 첨가함. (혼합효소 제거하지 않은 상태에서 Y27632 첨가함)\n(라)4 ml 용량의 10% FBS 배양액을 추가로 첨가한 후, 1000 μl 피펫으로 수 차례 피펫팅 하여 배양접시에서 세포를 분리함. \n(마)분리한 심근세포를 15 ml 튜브에 옮겨 3분 동안 원심 분리함. (1000 RPM)\n(바)원심분리 후, 상층액을 제거하고 1 ml 용량의 CryoStor CS10 동결보존 용액과 1 μl용량의 10 mM Y27632 용액을 혼합하여 1000 μl 피펫으로 수차례 피펫팅함. (CryoStor CS10 동결보존 용액: I. 유지배양, 분화, 정제 및 동결 배양액 및 시약 정보 참고)\n(사)피펫팅 후, 1.8 ml 동결용 튜브에 넣어 CoolCell 케이스로 옮겨 -80°C 냉동으로 20시간 동안 1차 동결함. \n(아)20 시간 후, CoolCell 케이스 안의 동결용 튜브를 -196°C 액체 질소 탱크로 옮겨 동결 보관함. \n*심근 세포는 다른 세포에 비해 사이즈가 크고, 세포 내 많은 수의 미토콘드리아로 인한 높은 대사 능력을 가지고 있음. 따라서, 1.8 ml 동결용 튜브 1개 기준으로 3X10^6 이하의 세포 수를 동결 보관할 것을 권장함. \n5.2. 발주부서 연구원에게 CMC3 심근세포 분화 SOP 기술이전 \n가. CMC3 세포주를 이용한 심근세포 분화 기술 개발관련 SOP 확립: SOP 제공 전, 2017.10.18. 발주부처인 난치성질환과에 방문하여 심근세포 분화기술에 대한 전반적인 내용 설명함. \n나. 2017.10.26. CMC3 세포주를 이용한 인간전분화능줄기세포 유래 심근세포 분화기술 SOP 문서를 제공함. \n다. 기술이전 기간: 2017.11.01. ~2017.11.20. \n라. 발주부서인 난치성질환과 김보영/ 박혜연 연구원 선생님들에게 SOP와 동일한 방법으로 교육 및 기술 이전함. \n마. 교육 및 기술이전 내용: SOP와 동일한 방법으로 CMC3 세포주를 이용하여 미분화배양, 계대배양, 심근세포 분화, 분화된 심근세포(응수축 심근세포)확인, 심근세포 정제 관련 하여 심근세포 분화에 대한 모든 기술을 전반적으로 교육 하고, 응수축 심근세포를 확인 후, 심근세포 정제와 특성 분석까지 진행함. \n바. 그 밖의 내용: SOP 내용 이외에 심근세포의 특성 분석 관련된 정보 제공함. CMC3 세포주를 passage 별로 2차례 샘플 제공함(2017.07.28. : passage 23,29,33 x 2개씩; 미분화, 분화, 2017.11.08. : passage 25,47 x 2개씩; 미분화, 분화 단계별 : 1,2,3단계). \n사. SOP 활용 방안: 본 과제의 목적은 국내 심근세포 연구자들에게 활용 가능한 분화 프로토콜을 제공하는 것임. 따라서 구축한 SOP 기술에 대한 소유권은 발주부서에 있다고 판단되며, 활용도를 위한 특허출원/등록/기업과의 기술이전 등에 대해서는 발주부서와의 협의가 필요한 사항임. \n5.3. 세포치료제 개발을 위한 심근세포 프로토콜 개발 전략\n가. 안전성 확보를 위한 프로토콜 개발: Xeno- free 배양을 위한 matrigel 대체 vitronectin, laminin 등의 세포외기질 활용이 검토되어야 하며, 미분화 세포에 의한 테라토마 혹은 비정제 심근세포에 의한 암 발생을 억제할 수 있는 분화와 정제 기법 개발이 요구됨. \n나. Ventricle 타입의 심근세포 분화기술 개발: 인간 전분화능줄기세포유래 심근세포를 이용한 세포치료제 개발을 위한 원숭이 비임상 연구 결과와 1건의 임상시험 결과가 보고된 바 있으나, 부정맥 발생에 대한 문제점 극복을 위해서는 ventricle 타입의 심근세포만을 분화할 수 있는 기법과 고순도 정제를 위한 표면표지인자의 개발이 필요함. \n다. 심근세포 성숙(maturation)화 기법 개발: 인간 전분화능줄기세포로부터 분화된 심근세포의 경우, 미성숙(immature)심근세포의 특성을 보이고 있음. 미성숙 심근세포의 기능은 체내 심근세포의 약물 반응과 응수축(contracting)기능을 충족할 수 없으므로, 분호된 심근세포의 성숙화 기법의 개발이 중요함. \n제7장 연구용역과제 진행과정에서 수집한 해외과학기술정보\n가. 미국 FDA에서 추진 중인 인간 전분화능줄기세포유래 심근세포의 활용. \n(1)신약개발 단계에서 심독성(심장부정맥)영향평가의 패러다임 변화. 기존의 hERG 억제 및 QT interval 측정에서 CiPA(Comprehensive in vitro Proarrhythmia Assay)의 필요성대두됨. \n나. 현재의 국제 의약품 규제조화위원회(ICH)가이드라인은 QT interval에 초점. \n(1)ICH S7B: 활동전압 길이증가에 영향을 주는 hERG 억제에 대한 영향 평가. \n(2)ICH E14: QT interval의 증가로 부정맥 영향 평가. \n다. 현 ICH 가이드라인을 대치하는 CiPA 프로토콜을 FDA 중심으로 정립 중. \n라. 인간 전분화능줄기세포유래 심근세포를 활용한 부정맥평가가 CiPA 3단계에 포함. \n(1)앞으로 인간 전분화능줄기세포유래 심근세포는 비임상시험 단계의 모든 과정으로의 활용이 기대가 됨. \n마. 미국 FDA의 독성평가용 심근세포 활용 유효성 검증 \n(1)2017년 Society of Toxicology 발표. \n(2)부정맥 유발이 확인된(FDA label)약물을 사용해 두 종류의 세포주(iCell, Cor.4U)에 대해 유효성 검증. \n"
		}
	]
}